region,gcm,ssp,supply_A_mw,supply_B_mw,supply_C_mw,year
malaysia_west,mri-esm2-0,ssp370,353.69,353.69,353.69,2033
myanmar,mri-esm2-0,ssp370,0.65,0.65,0.65,2033
thailand,mri-esm2-0,ssp370,877.28,879.65,879.65,2040
vietnam,mri-esm2-0,ssp370,1105.62,1105.68,1185.79,2033
cambodia,mri-esm2-0,ssp370,54.64,54.64,55.33,2033
philippines,mri-esm2-0,ssp370,159.92,171.44,202.24,2033
malaysia_east,mri-esm2-0,ssp370,958.29,958.29,958.29,2040
indonesia,mri-esm2-0,ssp370,1702.71,1702.71,1702.71,2040
china_ec,mri-esm2-0,ssp370,2930.84,2937.58,3197.24,2033
china_nc,mri-esm2-0,ssp370,456.77,483.26,488.68,2033
china_sw,mri-esm2-0,ssp370,13385.64,13385.64,13385.64,2040
china_cc,mri-esm2-0,ssp370,14210.04,14223.66,14223.66,2040
china_nw,mri-esm2-0,ssp370,0.0,0.0,0.0,2033
china_ne,mri-esm2-0,ssp370,1178.32,1188.3,1188.3,2040
india_south,mri-esm2-0,ssp126,3487.45,3487.45,3487.45,2040
india_east,mri-esm2-0,ssp126,910.24,910.24,910.24,2040
india_south,mri-esm2-0,ssp585,3232.88,3232.88,3232.88,2040
india_east,mri-esm2-0,ssp585,899.17,899.17,899.17,2040
india_northeast,mri-esm2-0,ssp370,138.91,138.91,138.91,2033
india_south,mri-esm2-0,ssp370,3404.5,3404.5,3404.5,2040
india_east,mri-esm2-0,ssp370,837.62,837.62,837.62,2040
india_south,mpi-esm1-2-hr,ssp126,2836.32,2836.32,2836.32,2040
india_east,mpi-esm1-2-hr,ssp126,765.05,765.05,765.05,2040
india_north,mpi-esm1-2-hr,ssp126,1078.4,1078.4,1078.4,2040
india_south,mpi-esm1-2-hr,ssp585,3288.55,3288.55,3288.55,2040
india_east,mpi-esm1-2-hr,ssp585,744.2,744.2,744.2,2040
india_south,mpi-esm1-2-hr,ssp370,2720.14,2720.14,2720.14,2040
india_east,mpi-esm1-2-hr,ssp370,823.22,823.22,823.22,2040
india_south,ipsl-cm6a-lr,ssp126,3468.46,3468.46,3468.46,2040
india_east,ipsl-cm6a-lr,ssp126,659.57,659.57,659.57,2040
india_south,ipsl-cm6a-lr,ssp585,3334.61,3334.61,3334.61,2040
india_east,ipsl-cm6a-lr,ssp585,772.1,772.1,772.1,2040
india_north,ipsl-cm6a-lr,ssp370,1565.02,1565.02,1565.02,2040
india_south,ipsl-cm6a-lr,ssp370,3437.42,3437.42,3437.42,2040
india_east,ipsl-cm6a-lr,ssp370,751.11,751.11,751.11,2040
india_south,ukesm1-0-ll,ssp126,3487.06,3487.06,3487.06,2040
india_east,ukesm1-0-ll,ssp126,699.41,699.41,699.41,2040
india_south,ukesm1-0-ll,ssp585,3606.59,3606.59,3606.59,2040
india_east,ukesm1-0-ll,ssp585,803.9,803.9,803.9,2040
india_south,ukesm1-0-ll,ssp370,3570.55,3570.55,3570.55,2040
india_east,ukesm1-0-ll,ssp370,722.44,722.44,722.44,2040
india_south,gfdl-esm4,ssp126,3509.28,3509.28,3509.28,2040
india_east,gfdl-esm4,ssp126,761.98,761.98,761.98,2040
india_south,gfdl-esm4,ssp585,3477.55,3477.55,3477.55,2040
india_east,gfdl-esm4,ssp585,928.47,928.47,928.47,2040
india_south,gfdl-esm4,ssp370,3113.71,3113.71,3113.71,2040
india_east,gfdl-esm4,ssp370,719.94,719.94,719.94,2040
brazil_sudeste,mpi-esm1-2-hr,ssp126,1165.18,1165.18,1165.18,2033
brazil_nordeste,mpi-esm1-2-hr,ssp126,42.27,42.27,42.27,2040
brazil_sul,mpi-esm1-2-hr,ssp126,82.13,82.13,82.13,2040
chile,mpi-esm1-2-hr,ssp126,524.13,524.13,524.13,2040
brazil_nordeste,mpi-esm1-2-hr,ssp370,43.72,43.72,43.72,2040
brazil_sul,mpi-esm1-2-hr,ssp370,70.54,70.54,70.54,2040
chile,mpi-esm1-2-hr,ssp370,544.09,544.09,544.09,2040
peru,ukesm1-0-ll,ssp126,94.15,94.15,94.15,2040
ecuador,ukesm1-0-ll,ssp126,66.59,66.59,66.59,2040
peru,ukesm1-0-ll,ssp585,95.88,95.88,95.88,2040
ecuador,ukesm1-0-ll,ssp585,63.24,63.24,63.24,2040
peru,ukesm1-0-ll,ssp370,95.39,95.39,95.39,2040
ecuador,ukesm1-0-ll,ssp370,65.61,65.61,65.61,2040
thailand,mri-esm2-0,ssp126,898.83,898.83,898.83,2040
vietnam,mri-esm2-0,ssp126,285.08,285.08,285.08,2040
malaysia_east,mri-esm2-0,ssp126,952.41,952.41,952.41,2040
indonesia,mri-esm2-0,ssp126,1541.53,1541.53,1541.53,2040
myanmar,mri-esm2-0,ssp126,0.74,0.74,0.74,2040
thailand,mri-esm2-0,ssp585,910.72,910.72,910.72,2040
vietnam,mri-esm2-0,ssp585,356.35,356.35,356.35,2040
malaysia_east,mri-esm2-0,ssp585,950.82,950.82,950.82,2040
indonesia,mri-esm2-0,ssp585,1461.67,1461.67,1461.67,2040
laos,mri-esm2-0,ssp370,16.6,16.6,16.6,2033
myanmar,mpi-esm1-2-hr,ssp126,0.72,0.72,0.72,2040
thailand,mpi-esm1-2-hr,ssp126,882.41,882.41,882.41,2040
vietnam,mpi-esm1-2-hr,ssp126,773.12,773.12,773.12,2040
malaysia_east,mpi-esm1-2-hr,ssp126,946.41,946.41,946.41,2040
indonesia,mpi-esm1-2-hr,ssp126,1092.23,1092.23,1092.23,2040
myanmar,mpi-esm1-2-hr,ssp585,30.9,30.9,30.9,2040
thailand,mpi-esm1-2-hr,ssp585,789.75,790.03,790.03,2040
vietnam,mpi-esm1-2-hr,ssp585,366.19,366.19,366.19,2040
malaysia_east,mpi-esm1-2-hr,ssp585,953.16,953.16,953.16,2040
indonesia,mpi-esm1-2-hr,ssp585,1464.1,1464.1,1464.1,2040
myanmar,mpi-esm1-2-hr,ssp370,13.29,13.29,13.29,2033
thailand,mpi-esm1-2-hr,ssp370,886.73,890.12,890.12,2040
vietnam,mpi-esm1-2-hr,ssp370,778.81,778.81,778.81,2040
malaysia_east,mpi-esm1-2-hr,ssp370,953.94,953.94,953.94,2040
indonesia,mpi-esm1-2-hr,ssp370,1165.28,1165.28,1165.28,2040
thailand,ipsl-cm6a-lr,ssp126,886.41,886.46,886.46,2040
vietnam,ipsl-cm6a-lr,ssp126,551.72,551.72,551.72,2040
malaysia_east,ipsl-cm6a-lr,ssp126,957.26,957.26,957.26,2040
indonesia,ipsl-cm6a-lr,ssp126,1258.04,1258.04,1258.04,2040
thailand,ipsl-cm6a-lr,ssp585,895.31,895.31,895.31,2040
vietnam,ipsl-cm6a-lr,ssp585,290.19,290.19,290.19,2040
malaysia_east,ipsl-cm6a-lr,ssp585,964.86,964.86,964.86,2040
indonesia,ipsl-cm6a-lr,ssp585,1520.13,1520.13,1520.13,2040
myanmar,ipsl-cm6a-lr,ssp585,4.65,4.65,4.65,2040
myanmar,ipsl-cm6a-lr,ssp370,7.33,7.33,7.33,2033
thailand,ipsl-cm6a-lr,ssp370,891.78,896.2,896.2,2040
vietnam,ipsl-cm6a-lr,ssp370,276.45,276.45,276.45,2040
malaysia_east,ipsl-cm6a-lr,ssp370,955.03,955.03,955.03,2040
indonesia,ipsl-cm6a-lr,ssp370,1524.03,1524.03,1524.03,2040
myanmar,ukesm1-0-ll,ssp126,31.14,31.14,31.14,2033
thailand,ukesm1-0-ll,ssp126,897.98,900.58,900.58,2040
vietnam,ukesm1-0-ll,ssp126,341.92,341.92,341.92,2040
malaysia_east,ukesm1-0-ll,ssp126,951.78,951.78,951.78,2040
indonesia,ukesm1-0-ll,ssp126,1515.57,1515.57,1515.57,2040
thailand,ukesm1-0-ll,ssp585,909.9,912.41,912.41,2040
vietnam,ukesm1-0-ll,ssp585,318.14,318.14,318.14,2040
malaysia_east,ukesm1-0-ll,ssp585,958.22,958.22,958.22,2040
indonesia,ukesm1-0-ll,ssp585,1546.54,1546.54,1546.54,2040
thailand,ukesm1-0-ll,ssp370,891.95,894.86,894.86,2040
vietnam,ukesm1-0-ll,ssp370,352.98,352.98,352.98,2040
malaysia_east,ukesm1-0-ll,ssp370,970.58,970.58,970.58,2040
indonesia,ukesm1-0-ll,ssp370,1519.05,1519.05,1519.05,2040
myanmar,ukesm1-0-ll,ssp370,1.43,1.43,1.43,2040
myanmar,gfdl-esm4,ssp126,30.64,30.64,30.64,2040
thailand,gfdl-esm4,ssp126,832.94,833.03,833.03,2040
vietnam,gfdl-esm4,ssp126,385.82,385.82,385.82,2040
malaysia_east,gfdl-esm4,ssp126,964.97,964.97,964.97,2040
indonesia,gfdl-esm4,ssp126,1217.79,1217.79,1217.79,2040
myanmar,gfdl-esm4,ssp585,31.37,31.37,31.37,2040
thailand,gfdl-esm4,ssp585,781.46,781.46,781.46,2040
vietnam,gfdl-esm4,ssp585,355.69,355.69,355.69,2040
malaysia_east,gfdl-esm4,ssp585,958.77,958.77,958.77,2040
indonesia,gfdl-esm4,ssp585,1483.44,1483.44,1483.44,2040
thailand,gfdl-esm4,ssp370,861.5,863.76,863.76,2040
vietnam,gfdl-esm4,ssp370,424.1,424.1,424.1,2040
malaysia_east,gfdl-esm4,ssp370,942.91,942.91,942.91,2040
indonesia,gfdl-esm4,ssp370,1370.16,1370.16,1370.16,2040
myanmar,gfdl-esm4,ssp370,0.95,0.95,0.95,2040
china_csg,mri-esm2-0,ssp126,9030.61,9030.61,9030.61,2040
china_cc,mri-esm2-0,ssp126,14078.69,14107.7,14107.7,2040
china_nw,mri-esm2-0,ssp126,9312.98,9312.98,9312.98,2040
china_ne,mri-esm2-0,ssp126,1262.18,1272.68,1272.68,2040
china_sw,mri-esm2-0,ssp585,2596.36,2596.36,2596.36,2033
china_csg,mri-esm2-0,ssp585,8766.18,8766.18,8766.18,2040
china_cc,mri-esm2-0,ssp585,14158.06,14175.19,14175.19,2040
china_nw,mri-esm2-0,ssp585,9124.06,9141.07,9141.07,2040
china_ne,mri-esm2-0,ssp585,1895.59,1910.4,1910.4,2040
china_csg,mri-esm2-0,ssp370,10066.2,10066.2,10066.2,2040
china_sw,mpi-esm1-2-hr,ssp126,2676.83,2676.83,2676.83,2040
china_csg,mpi-esm1-2-hr,ssp126,8805.08,8805.08,8805.08,2040
china_cc,mpi-esm1-2-hr,ssp126,12797.19,12803.27,12803.27,2040
china_nw,mpi-esm1-2-hr,ssp126,11037.33,11037.33,11037.33,2040
china_ne,mpi-esm1-2-hr,ssp126,1195.36,1205.26,1205.26,2040
china_sw,mpi-esm1-2-hr,ssp585,2648.0,2648.0,2648.0,2040
china_csg,mpi-esm1-2-hr,ssp585,9354.11,9354.11,9354.11,2040
china_cc,mpi-esm1-2-hr,ssp585,13168.64,13176.11,13176.11,2040
china_nw,mpi-esm1-2-hr,ssp585,10776.13,10778.69,10778.69,2040
china_sw,mpi-esm1-2-hr,ssp370,2520.16,2520.16,2520.16,2033
china_csg,mpi-esm1-2-hr,ssp370,8581.84,8592.45,8592.45,2040
china_cc,mpi-esm1-2-hr,ssp370,13111.45,13117.96,13117.96,2040
china_nw,mpi-esm1-2-hr,ssp370,9244.42,9255.16,9255.16,2040
china_ne,mpi-esm1-2-hr,ssp370,1168.37,1177.62,1177.62,2040
china_sw,ipsl-cm6a-lr,ssp126,2742.83,2742.83,2742.83,2040
china_csg,ipsl-cm6a-lr,ssp126,9217.12,9217.12,9217.12,2040
china_cc,ipsl-cm6a-lr,ssp126,13790.83,13795.91,13795.91,2040
china_nw,ipsl-cm6a-lr,ssp126,10577.58,10577.58,10577.58,2040
china_ne,ipsl-cm6a-lr,ssp126,1169.79,1181.66,1181.66,2040
china_sw,ipsl-cm6a-lr,ssp585,2837.7,2837.7,2837.7,2040
china_csg,ipsl-cm6a-lr,ssp585,9088.65,9088.65,9088.65,2040
china_cc,ipsl-cm6a-lr,ssp585,12584.19,12585.41,12585.41,2040
china_nw,ipsl-cm6a-lr,ssp585,11411.64,11460.58,11460.58,2040
china_ne,ipsl-cm6a-lr,ssp585,1145.8,1154.53,1154.53,2040
china_sw,ipsl-cm6a-lr,ssp370,2667.23,2667.23,2667.23,2040
china_csg,ipsl-cm6a-lr,ssp370,9206.01,9206.01,9206.01,2040
china_cc,ipsl-cm6a-lr,ssp370,13668.41,13676.51,13676.51,2040
china_nw,ipsl-cm6a-lr,ssp370,10405.21,10462.31,10462.31,2040
china_ne,ipsl-cm6a-lr,ssp370,1223.31,1235.41,1235.41,2040
china_sw,ukesm1-0-ll,ssp126,2624.9,2624.9,2624.9,2033
china_csg,ukesm1-0-ll,ssp126,9422.77,9422.77,9422.77,2040
china_cc,ukesm1-0-ll,ssp126,13039.72,13055.45,13055.45,2040
china_nw,ukesm1-0-ll,ssp126,9594.9,9632.44,9632.44,2040
china_ne,ukesm1-0-ll,ssp126,1181.1,1195.5,1195.5,2040
china_csg,ukesm1-0-ll,ssp585,9203.61,9203.61,9203.61,2040
china_cc,ukesm1-0-ll,ssp585,13406.81,13417.23,13417.23,2040
china_nw,ukesm1-0-ll,ssp585,10666.26,10671.5,10671.5,2040
china_ne,ukesm1-0-ll,ssp585,1330.55,1340.9,1340.9,2040
china_sw,ukesm1-0-ll,ssp370,2668.08,2668.08,2668.08,2033
china_csg,ukesm1-0-ll,ssp370,9406.64,9406.64,9406.64,2040
china_cc,ukesm1-0-ll,ssp370,13778.9,13790.29,13790.29,2040
china_nw,ukesm1-0-ll,ssp370,10760.95,10766.0,10766.0,2040
china_ne,ukesm1-0-ll,ssp370,1215.29,1225.94,1225.94,2040
china_sw,gfdl-esm4,ssp126,12812.44,12812.44,12812.44,2040
china_csg,gfdl-esm4,ssp126,10024.37,10024.37,10024.37,2040
china_cc,gfdl-esm4,ssp126,13139.61,13152.21,13152.21,2040
china_ne,gfdl-esm4,ssp126,1191.87,1202.49,1202.49,2040
china_sw,gfdl-esm4,ssp585,2818.9,2818.9,2818.9,2040
china_csg,gfdl-esm4,ssp585,9041.22,9041.22,9041.22,2040
china_cc,gfdl-esm4,ssp585,12617.45,12621.43,12621.43,2040
china_nw,gfdl-esm4,ssp585,10203.64,10214.37,10214.37,2040
china_ne,gfdl-esm4,ssp585,1168.26,1177.36,1177.36,2040
china_csg,gfdl-esm4,ssp370,8953.08,8953.08,8953.08,2040
china_cc,gfdl-esm4,ssp370,12787.9,12793.83,12793.83,2040
china_nw,gfdl-esm4,ssp370,10066.12,10077.44,10077.44,2040
china_ne,gfdl-esm4,ssp370,1211.11,1221.11,1221.11,2040
china_sw,gfdl-esm4,ssp370,2706.27,2706.27,2706.27,2040
sweden,mri-esm2-0,ssp126,3640.63,3640.63,3640.63,2040
france,mri-esm2-0,ssp126,2761.62,2763.13,2763.13,2040
spain,mri-esm2-0,ssp126,1639.19,1639.19,1639.19,2040
portugal,mri-esm2-0,ssp126,197.76,219.33,219.33,2040
poland,mri-esm2-0,ssp126,111.24,111.57,111.57,2040
latvia,mri-esm2-0,ssp126,330.96,330.96,330.96,2040
serbia,mri-esm2-0,ssp126,720.65,720.65,720.65,2040
north_macedonia,mri-esm2-0,ssp126,221.0,221.0,221.0,2040
finland,mri-esm2-0,ssp126,479.25,479.25,479.25,2040
slovakia,mri-esm2-0,ssp126,315.14,320.2,320.2,2040
slovenia,mri-esm2-0,ssp126,213.93,213.93,213.93,2040
croatia,mri-esm2-0,ssp126,87.9,92.33,92.33,2040
bulgaria,mri-esm2-0,ssp126,107.9,107.9,107.9,2040
norway,mri-esm2-0,ssp126,3609.2,3609.2,3609.2,2040
austria,mri-esm2-0,ssp126,2826.07,2826.07,2826.07,2040
turkey,mri-esm2-0,ssp126,1093.07,1093.07,1093.07,2040
lithuania,mri-esm2-0,ssp126,35.86,38.22,38.22,2040
albania,mri-esm2-0,ssp126,27.17,27.17,27.17,2040
greece,mri-esm2-0,ssp126,333.89,334.58,334.58,2040
italy,mri-esm2-0,ssp126,1501.38,1524.09,1524.09,2040
romania,mri-esm2-0,ssp126,348.15,348.15,348.15,2040
switzerland,mri-esm2-0,ssp126,2023.03,2024.55,2024.55,2040
sweden,mri-esm2-0,ssp585,3610.59,3610.59,3610.59,2040
france,mri-esm2-0,ssp585,2901.43,2904.46,2904.46,2040
spain,mri-esm2-0,ssp585,1590.41,1590.41,1590.41,2040
portugal,mri-esm2-0,ssp585,183.17,204.79,204.79,2040
poland,mri-esm2-0,ssp585,113.9,114.36,114.36,2040
latvia,mri-esm2-0,ssp585,289.39,289.39,289.39,2040
serbia,mri-esm2-0,ssp585,585.27,585.27,585.27,2040
north_macedonia,mri-esm2-0,ssp585,196.53,196.53,196.53,2040
slovakia,mri-esm2-0,ssp585,329.89,334.78,334.78,2040
slovenia,mri-esm2-0,ssp585,209.56,209.56,209.56,2040
croatia,mri-esm2-0,ssp585,90.02,93.85,93.85,2040
bulgaria,mri-esm2-0,ssp585,92.37,92.37,92.37,2040
austria,mri-esm2-0,ssp585,2678.9,2678.9,2678.9,2040
turkey,mri-esm2-0,ssp585,1051.13,1051.13,1051.13,2040
lithuania,mri-esm2-0,ssp585,32.84,35.41,35.41,2040
albania,mri-esm2-0,ssp585,416.9,416.9,416.9,2040
greece,mri-esm2-0,ssp585,346.73,347.33,347.33,2040
germany,mri-esm2-0,ssp585,1083.99,1084.46,1084.46,2040
italy,mri-esm2-0,ssp585,1388.9,1407.14,1407.14,2040
romania,mri-esm2-0,ssp585,338.8,338.8,338.8,2040
switzerland,mri-esm2-0,ssp585,1991.1,1993.81,1993.81,2040
sweden,mri-esm2-0,ssp370,2830.03,2830.03,2830.03,2040
france,mri-esm2-0,ssp370,3027.21,3029.17,3029.17,2040
spain,mri-esm2-0,ssp370,1749.41,1749.41,1749.41,2040
portugal,mri-esm2-0,ssp370,256.33,282.28,282.28,2040
poland,mri-esm2-0,ssp370,114.5,114.86,114.86,2040
latvia,mri-esm2-0,ssp370,302.38,302.38,302.38,2040
serbia,mri-esm2-0,ssp370,679.74,679.74,679.74,2040
north_macedonia,mri-esm2-0,ssp370,217.24,217.24,217.24,2040
slovakia,mri-esm2-0,ssp370,364.52,368.87,368.87,2040
slovenia,mri-esm2-0,ssp370,229.57,229.57,229.57,2040
croatia,mri-esm2-0,ssp370,86.25,91.21,91.21,2040
bulgaria,mri-esm2-0,ssp370,113.94,113.94,113.94,2040
norway,mri-esm2-0,ssp370,3834.54,3834.54,3834.54,2040
austria,mri-esm2-0,ssp370,2768.59,2768.59,2768.59,2040
turkey,mri-esm2-0,ssp370,709.41,709.41,709.41,2040
lithuania,mri-esm2-0,ssp370,36.99,36.99,36.99,2040
albania,mri-esm2-0,ssp370,453.4,453.4,453.4,2040
greece,mri-esm2-0,ssp370,331.88,333.78,333.78,2040
italy,mri-esm2-0,ssp370,1439.96,1459.05,1459.05,2040
romania,mri-esm2-0,ssp370,402.08,402.08,402.08,2040
switzerland,mri-esm2-0,ssp370,2078.8,2079.96,2079.96,2040
sweden,mpi-esm1-2-hr,ssp126,3597.15,3597.15,3597.15,2040
france,mpi-esm1-2-hr,ssp126,2954.51,2957.34,2957.34,2040
spain,mpi-esm1-2-hr,ssp126,1720.55,1720.55,1720.55,2040
portugal,mpi-esm1-2-hr,ssp126,267.86,300.16,300.16,2040
poland,mpi-esm1-2-hr,ssp126,109.96,110.87,110.87,2040
latvia,mpi-esm1-2-hr,ssp126,301.07,301.07,301.07,2040
serbia,mpi-esm1-2-hr,ssp126,622.27,622.27,622.27,2040
north_macedonia,mpi-esm1-2-hr,ssp126,224.75,224.75,224.75,2040
slovakia,mpi-esm1-2-hr,ssp126,381.49,386.42,386.42,2040
slovenia,mpi-esm1-2-hr,ssp126,219.05,219.05,219.05,2040
croatia,mpi-esm1-2-hr,ssp126,85.42,89.15,89.15,2040
bulgaria,mpi-esm1-2-hr,ssp126,108.5,108.5,108.5,2040
norway,mpi-esm1-2-hr,ssp126,3568.34,3568.34,3568.34,2040
austria,mpi-esm1-2-hr,ssp126,2720.92,2720.92,2720.92,2040
turkey,mpi-esm1-2-hr,ssp126,711.27,711.27,711.27,2040
lithuania,mpi-esm1-2-hr,ssp126,31.84,34.11,34.11,2040
albania,mpi-esm1-2-hr,ssp126,164.55,164.55,164.55,2040
greece,mpi-esm1-2-hr,ssp126,396.5,398.45,398.45,2040
belgium,mpi-esm1-2-hr,ssp126,7.75,7.75,7.75,2040
italy,mpi-esm1-2-hr,ssp126,1380.93,1399.36,1399.36,2040
romania,mpi-esm1-2-hr,ssp126,630.69,630.69,630.69,2040
switzerland,mpi-esm1-2-hr,ssp126,1969.8,1971.72,1971.72,2040
sweden,mpi-esm1-2-hr,ssp585,3678.93,3678.93,3678.93,2040
france,mpi-esm1-2-hr,ssp585,2867.92,2869.6,2869.6,2040
portugal,mpi-esm1-2-hr,ssp585,216.66,240.71,240.71,2040
poland,mpi-esm1-2-hr,ssp585,111.36,111.84,111.84,2040
latvia,mpi-esm1-2-hr,ssp585,352.92,352.92,352.92,2040
serbia,mpi-esm1-2-hr,ssp585,603.14,603.14,603.14,2040
north_macedonia,mpi-esm1-2-hr,ssp585,231.93,231.93,231.93,2040
slovakia,mpi-esm1-2-hr,ssp585,262.78,267.72,267.72,2040
slovenia,mpi-esm1-2-hr,ssp585,199.88,199.88,199.88,2040
croatia,mpi-esm1-2-hr,ssp585,82.27,86.92,86.92,2040
bulgaria,mpi-esm1-2-hr,ssp585,100.55,100.55,100.55,2040
norway,mpi-esm1-2-hr,ssp585,3988.25,3988.25,3988.25,2040
austria,mpi-esm1-2-hr,ssp585,2725.81,2725.81,2725.81,2040
turkey,mpi-esm1-2-hr,ssp585,1035.24,1035.24,1035.24,2040
lithuania,mpi-esm1-2-hr,ssp585,33.09,38.66,38.66,2040
albania,mpi-esm1-2-hr,ssp585,374.66,374.66,374.66,2040
greece,mpi-esm1-2-hr,ssp585,414.8,421.32,421.32,2040
germany,mpi-esm1-2-hr,ssp585,1137.76,1137.99,1137.99,2040
italy,mpi-esm1-2-hr,ssp585,1300.07,1318.77,1318.77,2040
romania,mpi-esm1-2-hr,ssp585,371.64,371.64,371.64,2040
switzerland,mpi-esm1-2-hr,ssp585,1973.17,1974.37,1974.37,2040
sweden,mpi-esm1-2-hr,ssp370,4211.1,4211.1,4211.1,2040
france,mpi-esm1-2-hr,ssp370,3058.28,3060.31,3060.31,2040
spain,mpi-esm1-2-hr,ssp370,1489.26,1489.26,1489.26,2040
portugal,mpi-esm1-2-hr,ssp370,157.14,171.03,171.03,2040
poland,mpi-esm1-2-hr,ssp370,115.12,115.62,115.62,2040
latvia,mpi-esm1-2-hr,ssp370,348.99,348.99,348.99,2040
serbia,mpi-esm1-2-hr,ssp370,584.3,584.3,584.3,2040
north_macedonia,mpi-esm1-2-hr,ssp370,218.04,218.04,218.04,2040
slovenia,mpi-esm1-2-hr,ssp370,191.39,191.39,191.39,2040
croatia,mpi-esm1-2-hr,ssp370,81.28,83.92,83.92,2040
bulgaria,mpi-esm1-2-hr,ssp370,120.02,120.02,120.02,2040
norway,mpi-esm1-2-hr,ssp370,4013.64,4018.05,4018.05,2040
austria,mpi-esm1-2-hr,ssp370,2718.22,2718.22,2718.22,2040
turkey,mpi-esm1-2-hr,ssp370,986.2,986.2,986.2,2040
lithuania,mpi-esm1-2-hr,ssp370,37.01,38.13,38.13,2040
albania,mpi-esm1-2-hr,ssp370,578.08,578.08,578.08,2040
greece,mpi-esm1-2-hr,ssp370,416.76,417.92,417.92,2040
belgium,mpi-esm1-2-hr,ssp370,10.4,10.4,10.4,2040
italy,mpi-esm1-2-hr,ssp370,1394.13,1412.33,1412.33,2040
romania,mpi-esm1-2-hr,ssp370,398.89,398.89,398.89,2040
switzerland,mpi-esm1-2-hr,ssp370,2011.46,2012.62,2012.62,2040
sweden,ipsl-cm6a-lr,ssp126,3508.3,3508.3,3508.3,2040
france,ipsl-cm6a-lr,ssp126,3009.25,3011.46,3011.46,2040
portugal,ipsl-cm6a-lr,ssp126,180.98,202.63,202.63,2040
poland,ipsl-cm6a-lr,ssp126,118.12,118.65,118.65,2040
latvia,ipsl-cm6a-lr,ssp126,295.81,295.81,295.81,2040
serbia,ipsl-cm6a-lr,ssp126,616.5,616.5,616.5,2040
north_macedonia,ipsl-cm6a-lr,ssp126,219.64,219.64,219.64,2040
slovakia,ipsl-cm6a-lr,ssp126,320.73,324.87,324.87,2040
slovenia,ipsl-cm6a-lr,ssp126,200.61,200.61,200.61,2040
croatia,ipsl-cm6a-lr,ssp126,92.1,97.64,97.64,2040
bulgaria,ipsl-cm6a-lr,ssp126,102.59,102.59,102.59,2040
austria,ipsl-cm6a-lr,ssp126,2811.15,2811.15,2811.15,2040
turkey,ipsl-cm6a-lr,ssp126,1531.22,1531.22,1531.22,2040
lithuania,ipsl-cm6a-lr,ssp126,28.56,28.56,28.56,2040
albania,ipsl-cm6a-lr,ssp126,163.57,163.57,163.57,2040
greece,ipsl-cm6a-lr,ssp126,324.72,334.87,334.87,2040
germany,ipsl-cm6a-lr,ssp126,1171.73,1171.77,1171.77,2040
italy,ipsl-cm6a-lr,ssp126,1364.19,1382.11,1382.11,2040
romania,ipsl-cm6a-lr,ssp126,373.79,373.79,373.79,2040
switzerland,ipsl-cm6a-lr,ssp126,2015.03,2016.55,2016.55,2040
sweden,ipsl-cm6a-lr,ssp585,3008.37,3008.37,3008.37,2040
france,ipsl-cm6a-lr,ssp585,2917.52,2920.02,2920.02,2040
spain,ipsl-cm6a-lr,ssp585,1571.21,1571.21,1571.21,2040
portugal,ipsl-cm6a-lr,ssp585,191.61,211.75,211.75,2040
poland,ipsl-cm6a-lr,ssp585,120.37,120.72,120.72,2040
latvia,ipsl-cm6a-lr,ssp585,306.94,306.94,306.94,2040
serbia,ipsl-cm6a-lr,ssp585,580.44,580.44,580.44,2040
north_macedonia,ipsl-cm6a-lr,ssp585,220.76,220.76,220.76,2040
finland,ipsl-cm6a-lr,ssp585,442.56,442.56,442.56,2040
slovakia,ipsl-cm6a-lr,ssp585,324.41,328.93,328.93,2040
slovenia,ipsl-cm6a-lr,ssp585,206.73,206.73,206.73,2040
croatia,ipsl-cm6a-lr,ssp585,81.8,85.36,85.36,2040
bulgaria,ipsl-cm6a-lr,ssp585,103.42,103.42,103.42,2040
norway,ipsl-cm6a-lr,ssp585,3619.94,3619.94,3619.94,2040
austria,ipsl-cm6a-lr,ssp585,2767.51,2767.51,2767.51,2040
turkey,ipsl-cm6a-lr,ssp585,1472.2,1472.2,1472.2,2040
lithuania,ipsl-cm6a-lr,ssp585,38.09,38.74,38.74,2040
albania,ipsl-cm6a-lr,ssp585,157.83,157.83,157.83,2040
greece,ipsl-cm6a-lr,ssp585,299.91,301.69,301.69,2040
italy,ipsl-cm6a-lr,ssp585,1383.34,1402.8,1402.8,2040
romania,ipsl-cm6a-lr,ssp585,418.73,418.73,418.73,2040
switzerland,ipsl-cm6a-lr,ssp585,1947.96,1950.14,1950.14,2040
sweden,ipsl-cm6a-lr,ssp370,3665.47,3665.47,3665.47,2040
france,ipsl-cm6a-lr,ssp370,2998.96,3000.98,3000.98,2040
portugal,ipsl-cm6a-lr,ssp370,227.81,249.74,249.74,2040
poland,ipsl-cm6a-lr,ssp370,116.87,117.46,117.46,2040
latvia,ipsl-cm6a-lr,ssp370,362.55,362.55,362.55,2040
serbia,ipsl-cm6a-lr,ssp370,596.32,596.32,596.32,2040
north_macedonia,ipsl-cm6a-lr,ssp370,181.04,181.04,181.04,2040
slovakia,ipsl-cm6a-lr,ssp370,397.05,401.17,401.17,2040
slovenia,ipsl-cm6a-lr,ssp370,199.6,199.6,199.6,2040
croatia,ipsl-cm6a-lr,ssp370,92.37,97.84,97.84,2040
bulgaria,ipsl-cm6a-lr,ssp370,101.48,101.48,101.48,2040
austria,ipsl-cm6a-lr,ssp370,2712.78,2712.78,2712.78,2040
turkey,ipsl-cm6a-lr,ssp370,1466.47,1466.47,1466.47,2040
lithuania,ipsl-cm6a-lr,ssp370,36.72,36.93,36.93,2040
albania,ipsl-cm6a-lr,ssp370,152.73,152.73,152.73,2040
greece,ipsl-cm6a-lr,ssp370,307.17,308.4,308.4,2040
italy,ipsl-cm6a-lr,ssp370,1393.77,1412.45,1412.45,2040
romania,ipsl-cm6a-lr,ssp370,360.16,360.16,360.16,2040
switzerland,ipsl-cm6a-lr,ssp370,1959.11,1962.16,1962.16,2040
sweden,ukesm1-0-ll,ssp126,3723.0,3723.0,3723.0,2040
france,ukesm1-0-ll,ssp126,2878.84,2881.14,2881.14,2040
spain,ukesm1-0-ll,ssp126,1610.01,1610.01,1610.01,2040
portugal,ukesm1-0-ll,ssp126,187.91,211.16,211.16,2040
poland,ukesm1-0-ll,ssp126,112.76,113.35,113.35,2040
latvia,ukesm1-0-ll,ssp126,306.18,306.18,306.18,2040
serbia,ukesm1-0-ll,ssp126,611.58,611.58,611.58,2040
north_macedonia,ukesm1-0-ll,ssp126,204.14,204.14,204.14,2040
slovakia,ukesm1-0-ll,ssp126,309.13,312.96,312.96,2040
slovenia,ukesm1-0-ll,ssp126,212.82,212.82,212.82,2040
croatia,ukesm1-0-ll,ssp126,97.67,102.33,102.33,2040
bulgaria,ukesm1-0-ll,ssp126,120.24,120.24,120.24,2040
norway,ukesm1-0-ll,ssp126,3128.62,3128.62,3128.62,2040
austria,ukesm1-0-ll,ssp126,2806.36,2806.36,2806.36,2040
turkey,ukesm1-0-ll,ssp126,1070.05,1070.05,1070.05,2040
lithuania,ukesm1-0-ll,ssp126,35.04,37.06,37.06,2040
albania,ukesm1-0-ll,ssp126,557.7,557.7,557.7,2040
greece,ukesm1-0-ll,ssp126,364.83,365.17,365.17,2040
belgium,ukesm1-0-ll,ssp126,9.13,9.13,9.13,2040
italy,ukesm1-0-ll,ssp126,1393.55,1412.28,1412.28,2040
romania,ukesm1-0-ll,ssp126,293.57,293.57,293.57,2040
switzerland,ukesm1-0-ll,ssp126,1983.95,1986.87,1986.87,2040
sweden,ukesm1-0-ll,ssp585,3679.13,3679.13,3679.13,2040
france,ukesm1-0-ll,ssp585,2943.04,2944.4,2944.4,2040
spain,ukesm1-0-ll,ssp585,1574.57,1574.57,1574.57,2040
portugal,ukesm1-0-ll,ssp585,177.75,195.74,195.74,2040
poland,ukesm1-0-ll,ssp585,121.58,122.12,122.12,2040
latvia,ukesm1-0-ll,ssp585,276.87,276.87,276.87,2040
serbia,ukesm1-0-ll,ssp585,692.85,692.85,692.85,2040
north_macedonia,ukesm1-0-ll,ssp585,196.75,196.75,196.75,2040
slovakia,ukesm1-0-ll,ssp585,333.15,336.91,336.91,2040
slovenia,ukesm1-0-ll,ssp585,208.91,208.91,208.91,2040
croatia,ukesm1-0-ll,ssp585,93.56,98.28,98.28,2040
bulgaria,ukesm1-0-ll,ssp585,100.69,100.69,100.69,2040
norway,ukesm1-0-ll,ssp585,4167.29,4167.29,4167.29,2040
austria,ukesm1-0-ll,ssp585,2781.93,2781.93,2781.93,2040
turkey,ukesm1-0-ll,ssp585,1029.45,1029.45,1029.45,2040
lithuania,ukesm1-0-ll,ssp585,43.52,43.52,43.52,2040
albania,ukesm1-0-ll,ssp585,421.95,421.95,421.95,2040
greece,ukesm1-0-ll,ssp585,386.26,388.6,388.6,2040
italy,ukesm1-0-ll,ssp585,1378.56,1395.01,1395.01,2040
romania,ukesm1-0-ll,ssp585,356.45,356.45,356.45,2040
switzerland,ukesm1-0-ll,ssp585,2006.98,2010.99,2010.99,2040
sweden,ukesm1-0-ll,ssp370,4220.93,4220.93,4220.93,2040
france,ukesm1-0-ll,ssp370,2991.43,2994.09,2994.09,2040
spain,ukesm1-0-ll,ssp370,1561.55,1561.55,1561.55,2040
portugal,ukesm1-0-ll,ssp370,168.94,184.8,184.8,2040
poland,ukesm1-0-ll,ssp370,118.77,119.04,119.04,2040
latvia,ukesm1-0-ll,ssp370,292.77,292.77,292.77,2040
serbia,ukesm1-0-ll,ssp370,647.79,647.79,647.79,2040
north_macedonia,ukesm1-0-ll,ssp370,206.32,206.32,206.32,2040
finland,ukesm1-0-ll,ssp370,522.37,522.37,522.37,2033
slovakia,ukesm1-0-ll,ssp370,321.42,325.34,325.34,2040
slovenia,ukesm1-0-ll,ssp370,209.9,209.9,209.9,2040
croatia,ukesm1-0-ll,ssp370,91.26,96.27,96.27,2040
bulgaria,ukesm1-0-ll,ssp370,87.68,87.68,87.68,2040
norway,ukesm1-0-ll,ssp370,4161.53,4161.53,4161.53,2040
austria,ukesm1-0-ll,ssp370,2860.72,2860.72,2860.72,2040
turkey,ukesm1-0-ll,ssp370,1037.78,1037.78,1037.78,2040
lithuania,ukesm1-0-ll,ssp370,35.49,36.35,36.35,2040
albania,ukesm1-0-ll,ssp370,386.77,386.77,386.77,2040
greece,ukesm1-0-ll,ssp370,332.27,342.15,342.15,2040
germany,ukesm1-0-ll,ssp370,1191.47,1191.88,1191.88,2040
belgium,ukesm1-0-ll,ssp370,8.64,8.64,8.64,2040
italy,ukesm1-0-ll,ssp370,1335.53,1352.63,1352.63,2040
romania,ukesm1-0-ll,ssp370,381.11,381.11,381.11,2040
switzerland,ukesm1-0-ll,ssp370,2068.28,2070.2,2070.2,2040
sweden,gfdl-esm4,ssp126,3621.38,3621.38,3621.38,2040
france,gfdl-esm4,ssp126,3050.66,3053.25,3053.25,2040
spain,gfdl-esm4,ssp126,1682.81,1682.81,1682.81,2040
portugal,gfdl-esm4,ssp126,213.24,237.03,237.03,2040
poland,gfdl-esm4,ssp126,110.77,111.22,111.22,2040
latvia,gfdl-esm4,ssp126,400.11,400.11,400.11,2040
serbia,gfdl-esm4,ssp126,588.52,588.52,588.52,2040
north_macedonia,gfdl-esm4,ssp126,219.92,219.92,219.92,2040
slovakia,gfdl-esm4,ssp126,390.61,394.68,394.68,2040
slovenia,gfdl-esm4,ssp126,210.08,210.08,210.08,2040
croatia,gfdl-esm4,ssp126,85.31,90.87,90.87,2040
bulgaria,gfdl-esm4,ssp126,113.68,113.68,113.68,2040
norway,gfdl-esm4,ssp126,4023.31,4023.31,4023.31,2040
austria,gfdl-esm4,ssp126,2728.44,2728.44,2728.44,2040
turkey,gfdl-esm4,ssp126,1386.9,1386.9,1386.9,2040
lithuania,gfdl-esm4,ssp126,42.65,42.65,42.65,2040
albania,gfdl-esm4,ssp126,118.35,118.35,118.35,2040
greece,gfdl-esm4,ssp126,389.58,390.52,390.52,2040
italy,gfdl-esm4,ssp126,1378.46,1398.8,1398.8,2040
romania,gfdl-esm4,ssp126,348.26,348.26,348.26,2040
switzerland,gfdl-esm4,ssp126,1969.14,1970.8,1970.8,2040
sweden,gfdl-esm4,ssp585,3517.98,3517.98,3517.98,2040
france,gfdl-esm4,ssp585,2961.05,2963.53,2963.53,2040
portugal,gfdl-esm4,ssp585,253.23,280.86,280.86,2040
poland,gfdl-esm4,ssp585,123.16,123.63,123.63,2040
latvia,gfdl-esm4,ssp585,307.28,307.28,307.28,2040
serbia,gfdl-esm4,ssp585,607.9,607.9,607.9,2040
north_macedonia,gfdl-esm4,ssp585,207.57,207.57,207.57,2040
finland,gfdl-esm4,ssp585,499.46,499.46,499.46,2040
slovakia,gfdl-esm4,ssp585,444.87,451.95,451.95,2040
slovenia,gfdl-esm4,ssp585,236.38,236.38,236.38,2040
croatia,gfdl-esm4,ssp585,93.62,99.35,99.35,2040
bulgaria,gfdl-esm4,ssp585,110.25,110.25,110.25,2040
austria,gfdl-esm4,ssp585,2679.62,2679.62,2679.62,2040
turkey,gfdl-esm4,ssp585,1347.24,1347.24,1347.24,2040
lithuania,gfdl-esm4,ssp585,34.06,38.06,38.06,2040
albania,gfdl-esm4,ssp585,144.55,144.55,144.55,2040
greece,gfdl-esm4,ssp585,398.18,398.18,398.18,2040
germany,gfdl-esm4,ssp585,1157.41,1157.57,1157.57,2040
italy,gfdl-esm4,ssp585,1405.62,1424.91,1424.91,2040
romania,gfdl-esm4,ssp585,397.36,397.36,397.36,2040
switzerland,gfdl-esm4,ssp585,1977.46,1977.85,1977.85,2040
sweden,gfdl-esm4,ssp370,3471.57,3471.57,3471.57,2040
france,gfdl-esm4,ssp370,2999.38,3001.52,3001.52,2040
spain,gfdl-esm4,ssp370,1721.02,1721.02,1721.02,2040
portugal,gfdl-esm4,ssp370,258.82,291.82,291.82,2040
poland,gfdl-esm4,ssp370,111.01,111.58,111.58,2040
latvia,gfdl-esm4,ssp370,285.84,285.84,285.84,2040
serbia,gfdl-esm4,ssp370,567.85,567.85,567.85,2040
north_macedonia,gfdl-esm4,ssp370,210.35,210.35,210.35,2040
slovakia,gfdl-esm4,ssp370,399.37,406.04,406.04,2040
slovenia,gfdl-esm4,ssp370,218.53,218.53,218.53,2040
croatia,gfdl-esm4,ssp370,86.27,92.27,92.27,2040
bulgaria,gfdl-esm4,ssp370,112.68,112.68,112.68,2040
norway,gfdl-esm4,ssp370,3825.32,3825.32,3825.32,2040
austria,gfdl-esm4,ssp370,2783.1,2783.1,2783.1,2040
turkey,gfdl-esm4,ssp370,1035.58,1035.58,1035.58,2040
lithuania,gfdl-esm4,ssp370,34.35,35.26,35.26,2040
albania,gfdl-esm4,ssp370,287.41,287.41,287.41,2040
greece,gfdl-esm4,ssp370,386.61,390.31,390.31,2040
italy,gfdl-esm4,ssp370,1438.39,1458.92,1458.92,2040
romania,gfdl-esm4,ssp370,443.43,443.43,443.43,2040
switzerland,gfdl-esm4,ssp370,2023.78,2025.26,2025.26,2040
usa_northerngrid_east,mri-esm2-0,ssp126,1599.14,1599.14,1599.14,2040
usa_miso_north,mri-esm2-0,ssp126,161.42,163.56,163.56,2040
usa_westconnect_south,mri-esm2-0,ssp126,2647.36,2653.64,2653.64,2040
usa_northerngrid_south,mri-esm2-0,ssp126,196.75,197.23,197.23,2040
usa_isone,mri-esm2-0,ssp126,495.49,500.29,500.29,2040
canada_atlantic,mri-esm2-0,ssp126,1980.59,1980.59,1980.59,2040
usa_westconnect_north,mri-esm2-0,ssp126,282.55,284.98,284.98,2040
usa_caiso,mri-esm2-0,ssp126,1765.49,1778.21,1778.21,2040
canada_bc,mri-esm2-0,ssp126,4101.46,4101.46,4101.46,2040
usa_northerngrid_west,mri-esm2-0,ssp126,10429.18,10429.64,10429.64,2040
usa_miso_central,mri-esm2-0,ssp126,457.46,460.18,460.18,2040
usa_sertp,mri-esm2-0,ssp126,3273.84,3296.71,3296.71,2040
canada_prairies,mri-esm2-0,ssp126,4282.55,4282.55,4282.55,2040
canada_ontario,mri-esm2-0,ssp126,2337.13,2407.06,2407.06,2040
usa_pjm_east,mri-esm2-0,ssp126,794.83,797.41,797.41,2040
usa_nyiso,mri-esm2-0,ssp126,2567.08,2573.82,2573.82,2040
usa_northerngrid_east,mri-esm2-0,ssp585,1647.4,1653.26,1653.26,2040
usa_miso_north,mri-esm2-0,ssp585,200.82,202.75,202.75,2040
usa_westconnect_south,mri-esm2-0,ssp585,2479.39,2479.39,2479.39,2040
usa_northerngrid_south,mri-esm2-0,ssp585,183.45,183.45,183.45,2040
usa_isone,mri-esm2-0,ssp585,453.51,458.46,458.46,2040
canada_atlantic,mri-esm2-0,ssp585,680.42,680.42,680.42,2040
usa_westconnect_north,mri-esm2-0,ssp585,274.48,277.26,277.26,2040
canada_quebec,mri-esm2-0,ssp585,2967.07,2967.07,2967.07,2040
usa_caiso,mri-esm2-0,ssp585,1487.8,1496.34,1496.34,2040
usa_pjm_west,mri-esm2-0,ssp585,6.18,6.18,6.18,2040
canada_bc,mri-esm2-0,ssp585,4218.83,4218.83,4218.83,2040
usa_northerngrid_west,mri-esm2-0,ssp585,10538.17,10538.69,10538.69,2040
usa_miso_central,mri-esm2-0,ssp585,459.92,463.03,463.03,2040
usa_sertp,mri-esm2-0,ssp585,3406.41,3428.98,3428.98,2040
canada_prairies,mri-esm2-0,ssp585,4068.81,4068.81,4068.81,2040
canada_ontario,mri-esm2-0,ssp585,1697.01,1778.41,1778.41,2040
usa_pjm_east,mri-esm2-0,ssp585,802.29,803.65,803.65,2040
usa_nyiso,mri-esm2-0,ssp585,2560.3,2568.32,2568.32,2040
usa_northerngrid_east,mri-esm2-0,ssp370,1600.16,1616.26,1616.26,2040
usa_miso_north,mri-esm2-0,ssp370,207.08,207.08,207.08,2040
usa_westconnect_south,mri-esm2-0,ssp370,2657.1,2664.32,2664.32,2040
usa_northerngrid_south,mri-esm2-0,ssp370,196.98,196.98,196.98,2040
usa_isone,mri-esm2-0,ssp370,456.69,459.62,459.62,2040
canada_atlantic,mri-esm2-0,ssp370,814.04,814.04,814.04,2040
usa_westconnect_north,mri-esm2-0,ssp370,268.81,272.09,272.09,2040
canada_quebec,mri-esm2-0,ssp370,2467.73,2467.73,2467.73,2040
usa_caiso,mri-esm2-0,ssp370,1521.07,1530.7,1530.7,2040
canada_bc,mri-esm2-0,ssp370,4246.76,4246.76,4246.76,2040
usa_northerngrid_west,mri-esm2-0,ssp370,10177.73,10177.97,10177.97,2040
usa_miso_central,mri-esm2-0,ssp370,491.01,494.0,494.0,2040
usa_sertp,mri-esm2-0,ssp370,3281.05,3306.1,3306.1,2040
canada_prairies,mri-esm2-0,ssp370,4134.53,4134.53,4134.53,2040
canada_ontario,mri-esm2-0,ssp370,1701.62,1769.27,1769.27,2040
usa_pjm_east,mri-esm2-0,ssp370,794.05,796.04,796.04,2040
usa_nyiso,mri-esm2-0,ssp370,2530.57,2537.75,2537.75,2040
usa_northerngrid_east,mpi-esm1-2-hr,ssp126,1624.62,1626.67,1626.67,2040
usa_miso_north,mpi-esm1-2-hr,ssp126,163.42,163.42,163.42,2040
usa_westconnect_south,mpi-esm1-2-hr,ssp126,2292.83,2293.5,2293.5,2040
usa_northerngrid_south,mpi-esm1-2-hr,ssp126,185.6,185.6,185.6,2040
usa_isone,mpi-esm1-2-hr,ssp126,476.93,482.31,482.31,2040
canada_atlantic,mpi-esm1-2-hr,ssp126,861.89,861.89,861.89,2040
usa_westconnect_north,mpi-esm1-2-hr,ssp126,248.73,251.11,251.11,2040
canada_quebec,mpi-esm1-2-hr,ssp126,2547.7,2547.7,2547.7,2040
usa_caiso,mpi-esm1-2-hr,ssp126,1778.94,1785.59,1785.59,2040
canada_bc,mpi-esm1-2-hr,ssp126,3271.87,3271.87,3271.87,2040
usa_northerngrid_west,mpi-esm1-2-hr,ssp126,9715.57,9716.09,9716.09,2040
usa_miso_central,mpi-esm1-2-hr,ssp126,414.84,417.3,417.3,2040
usa_sertp,mpi-esm1-2-hr,ssp126,3159.22,3186.14,3186.14,2040
canada_prairies,mpi-esm1-2-hr,ssp126,4382.17,4382.17,4382.17,2040
canada_ontario,mpi-esm1-2-hr,ssp126,1638.73,1716.27,1716.27,2040
usa_pjm_east,mpi-esm1-2-hr,ssp126,807.63,809.2,809.2,2040
usa_nyiso,mpi-esm1-2-hr,ssp126,2528.01,2535.95,2535.95,2040
usa_northerngrid_east,mpi-esm1-2-hr,ssp585,1660.76,1660.76,1660.76,2040
usa_miso_north,mpi-esm1-2-hr,ssp585,158.63,158.63,158.63,2040
usa_westconnect_south,mpi-esm1-2-hr,ssp585,2395.25,2395.25,2395.25,2040
usa_northerngrid_south,mpi-esm1-2-hr,ssp585,157.23,157.23,157.23,2040
usa_isone,mpi-esm1-2-hr,ssp585,422.57,425.26,425.26,2040
canada_atlantic,mpi-esm1-2-hr,ssp585,684.43,684.43,684.43,2040
usa_westconnect_north,mpi-esm1-2-hr,ssp585,270.21,272.74,272.74,2040
canada_quebec,mpi-esm1-2-hr,ssp585,2890.42,2890.42,2890.42,2040
usa_caiso,mpi-esm1-2-hr,ssp585,1777.81,1784.45,1784.45,2040
canada_bc,mpi-esm1-2-hr,ssp585,4190.58,4190.58,4190.58,2040
usa_northerngrid_west,mpi-esm1-2-hr,ssp585,9633.94,9634.21,9634.21,2040
usa_miso_central,mpi-esm1-2-hr,ssp585,410.78,414.0,414.0,2040
usa_sertp,mpi-esm1-2-hr,ssp585,3261.0,3286.51,3286.51,2040
canada_prairies,mpi-esm1-2-hr,ssp585,4117.92,4117.92,4117.92,2040
canada_ontario,mpi-esm1-2-hr,ssp585,1606.82,1659.67,1659.67,2040
usa_pjm_east,mpi-esm1-2-hr,ssp585,766.0,767.01,767.01,2040
usa_nyiso,mpi-esm1-2-hr,ssp585,2583.19,2590.67,2590.67,2040
usa_northerngrid_east,mpi-esm1-2-hr,ssp370,1675.87,1683.25,1683.25,2040
usa_miso_north,mpi-esm1-2-hr,ssp370,153.54,153.54,153.54,2040
usa_westconnect_south,mpi-esm1-2-hr,ssp370,2649.6,2651.51,2651.51,2040
usa_northerngrid_south,mpi-esm1-2-hr,ssp370,172.27,172.27,172.27,2040
usa_isone,mpi-esm1-2-hr,ssp370,468.14,471.82,471.82,2040
canada_atlantic,mpi-esm1-2-hr,ssp370,793.35,793.35,793.35,2040
usa_westconnect_north,mpi-esm1-2-hr,ssp370,272.32,274.89,274.89,2040
canada_quebec,mpi-esm1-2-hr,ssp370,1907.94,1907.94,1907.94,2040
usa_caiso,mpi-esm1-2-hr,ssp370,975.07,981.0,981.0,2040
canada_bc,mpi-esm1-2-hr,ssp370,4096.47,4096.47,4096.47,2040
usa_northerngrid_west,mpi-esm1-2-hr,ssp370,9893.02,9893.52,9893.52,2040
usa_miso_central,mpi-esm1-2-hr,ssp370,413.75,416.31,416.31,2040
usa_sertp,mpi-esm1-2-hr,ssp370,3144.12,3171.77,3171.77,2040
canada_prairies,mpi-esm1-2-hr,ssp370,4526.12,4526.12,4526.12,2040
canada_ontario,mpi-esm1-2-hr,ssp370,1841.8,1922.78,1922.78,2040
usa_pjm_east,mpi-esm1-2-hr,ssp370,782.77,782.77,782.77,2040
usa_nyiso,mpi-esm1-2-hr,ssp370,2561.03,2568.32,2568.32,2040
usa_northerngrid_east,ipsl-cm6a-lr,ssp126,1629.97,1640.4,1640.4,2040
usa_miso_north,ipsl-cm6a-lr,ssp126,168.03,168.03,168.03,2040
usa_westconnect_south,ipsl-cm6a-lr,ssp126,2271.59,2282.04,2282.04,2040
usa_isone,ipsl-cm6a-lr,ssp126,434.36,436.61,436.61,2033
canada_atlantic,ipsl-cm6a-lr,ssp126,1062.39,1062.39,1062.39,2040
usa_westconnect_north,ipsl-cm6a-lr,ssp126,262.51,264.99,264.99,2040
canada_quebec,ipsl-cm6a-lr,ssp126,2691.59,2691.59,2691.59,2040
usa_caiso,ipsl-cm6a-lr,ssp126,1556.07,1564.43,1564.43,2040
canada_bc,ipsl-cm6a-lr,ssp126,4100.38,4100.38,4100.38,2040
usa_northerngrid_west,ipsl-cm6a-lr,ssp126,9830.33,9830.58,9830.58,2040
usa_miso_central,ipsl-cm6a-lr,ssp126,467.2,470.33,470.33,2040
usa_sertp,ipsl-cm6a-lr,ssp126,3242.1,3273.7,3273.7,2040
canada_prairies,ipsl-cm6a-lr,ssp126,3926.59,3926.59,3926.59,2040
canada_ontario,ipsl-cm6a-lr,ssp126,1694.08,1777.69,1777.69,2040
usa_pjm_east,ipsl-cm6a-lr,ssp126,814.99,815.83,815.83,2040
usa_nyiso,ipsl-cm6a-lr,ssp126,2561.25,2569.12,2569.12,2040
usa_northerngrid_east,ipsl-cm6a-lr,ssp585,1674.89,1674.89,1674.89,2040
usa_miso_north,ipsl-cm6a-lr,ssp585,166.62,168.5,168.5,2040
usa_westconnect_south,ipsl-cm6a-lr,ssp585,2444.1,2444.26,2444.26,2040
usa_isone,ipsl-cm6a-lr,ssp585,451.75,454.87,454.87,2040
canada_atlantic,ipsl-cm6a-lr,ssp585,1768.34,1768.34,1768.34,2040
usa_westconnect_north,ipsl-cm6a-lr,ssp585,269.08,272.05,272.05,2040
usa_caiso,ipsl-cm6a-lr,ssp585,1814.15,1832.19,1832.19,2040
canada_bc,ipsl-cm6a-lr,ssp585,4108.9,4108.9,4108.9,2040
usa_northerngrid_west,ipsl-cm6a-lr,ssp585,10541.16,10541.55,10541.55,2040
usa_miso_central,ipsl-cm6a-lr,ssp585,383.14,385.29,385.29,2040
canada_prairies,ipsl-cm6a-lr,ssp585,4320.68,4320.68,4320.68,2040
canada_ontario,ipsl-cm6a-lr,ssp585,1641.34,1720.55,1720.55,2040
usa_pjm_east,ipsl-cm6a-lr,ssp585,853.89,855.58,855.58,2040
usa_nyiso,ipsl-cm6a-lr,ssp585,2565.34,2572.01,2572.01,2040
usa_northerngrid_east,ipsl-cm6a-lr,ssp370,1617.56,1639.2,1639.2,2040
usa_miso_north,ipsl-cm6a-lr,ssp370,289.07,291.36,291.36,2040
usa_westconnect_south,ipsl-cm6a-lr,ssp370,2577.62,2577.62,2577.62,2040
usa_northerngrid_south,ipsl-cm6a-lr,ssp370,190.53,190.53,190.53,2040
usa_isone,ipsl-cm6a-lr,ssp370,421.45,426.91,426.91,2033
canada_atlantic,ipsl-cm6a-lr,ssp370,663.96,663.96,663.96,2040
usa_westconnect_north,ipsl-cm6a-lr,ssp370,273.08,273.08,273.08,2040
canada_quebec,ipsl-cm6a-lr,ssp370,2778.2,2778.2,2778.2,2040
usa_caiso,ipsl-cm6a-lr,ssp370,1554.92,1565.26,1565.26,2040
canada_bc,ipsl-cm6a-lr,ssp370,4135.51,4135.51,4135.51,2040
usa_northerngrid_west,ipsl-cm6a-lr,ssp370,9813.36,9813.73,9813.73,2040
usa_miso_central,ipsl-cm6a-lr,ssp370,457.19,460.23,460.23,2040
usa_sertp,ipsl-cm6a-lr,ssp370,3490.64,3509.1,3509.1,2040
canada_prairies,ipsl-cm6a-lr,ssp370,4032.66,4032.66,4032.66,2040
canada_ontario,ipsl-cm6a-lr,ssp370,1632.5,1712.95,1712.95,2040
usa_pjm_east,ipsl-cm6a-lr,ssp370,826.12,830.59,830.59,2040
usa_nyiso,ipsl-cm6a-lr,ssp370,2560.52,2568.68,2568.68,2040
usa_northerngrid_east,ukesm1-0-ll,ssp126,1629.51,1629.63,1629.63,2040
usa_miso_north,ukesm1-0-ll,ssp126,175.98,175.98,175.98,2040
usa_isone,ukesm1-0-ll,ssp126,453.92,457.6,457.6,2040
canada_atlantic,ukesm1-0-ll,ssp126,845.68,845.68,845.68,2040
usa_westconnect_north,ukesm1-0-ll,ssp126,259.96,262.42,262.42,2040
canada_quebec,ukesm1-0-ll,ssp126,2686.06,2686.06,2686.06,2040
usa_caiso,ukesm1-0-ll,ssp126,1652.9,1665.46,1665.46,2040
canada_bc,ukesm1-0-ll,ssp126,4122.81,4122.81,4122.81,2040
usa_northerngrid_west,ukesm1-0-ll,ssp126,10297.97,10298.17,10298.17,2040
usa_miso_central,ukesm1-0-ll,ssp126,469.08,471.99,471.99,2040
usa_sertp,ukesm1-0-ll,ssp126,3035.81,3071.98,3071.98,2040
canada_prairies,ukesm1-0-ll,ssp126,4426.6,4426.6,4426.6,2040
canada_ontario,ukesm1-0-ll,ssp126,1618.34,1694.31,1694.31,2040
usa_pjm_east,ukesm1-0-ll,ssp126,794.33,795.92,795.92,2040
usa_nyiso,ukesm1-0-ll,ssp126,2541.63,2550.37,2550.37,2040
usa_northerngrid_east,ukesm1-0-ll,ssp585,1832.38,1833.13,1833.13,2040
usa_miso_north,ukesm1-0-ll,ssp585,188.82,188.82,188.82,2040
usa_westconnect_south,ukesm1-0-ll,ssp585,2891.12,2891.25,2891.25,2040
usa_isone,ukesm1-0-ll,ssp585,478.24,481.42,481.42,2040
canada_atlantic,ukesm1-0-ll,ssp585,1057.57,1057.57,1057.57,2040
usa_westconnect_north,ukesm1-0-ll,ssp585,266.12,266.12,266.12,2040
canada_quebec,ukesm1-0-ll,ssp585,2227.23,2227.23,2227.23,2040
usa_caiso,ukesm1-0-ll,ssp585,1779.59,1794.99,1794.99,2040
usa_pjm_west,ukesm1-0-ll,ssp585,5.86,5.86,5.86,2040
canada_bc,ukesm1-0-ll,ssp585,4465.22,4465.22,4465.22,2040
usa_northerngrid_west,ukesm1-0-ll,ssp585,10396.28,10396.91,10396.91,2040
usa_miso_central,ukesm1-0-ll,ssp585,439.71,442.02,442.02,2040
usa_sertp,ukesm1-0-ll,ssp585,2814.11,2842.41,2842.41,2040
canada_prairies,ukesm1-0-ll,ssp585,4551.16,4551.16,4551.16,2040
canada_ontario,ukesm1-0-ll,ssp585,1671.16,1773.48,1773.48,2040
usa_pjm_east,ukesm1-0-ll,ssp585,801.67,802.91,802.91,2040
usa_nyiso,ukesm1-0-ll,ssp585,2491.65,2499.28,2499.28,2040
usa_northerngrid_east,ukesm1-0-ll,ssp370,2009.45,2025.31,2025.31,2040
usa_miso_north,ukesm1-0-ll,ssp370,202.16,202.16,202.16,2040
usa_westconnect_south,ukesm1-0-ll,ssp370,2553.33,2565.27,2565.27,2040
usa_isone,ukesm1-0-ll,ssp370,446.41,452.15,452.15,2040
canada_atlantic,ukesm1-0-ll,ssp370,894.53,894.53,894.53,2040
usa_westconnect_north,ukesm1-0-ll,ssp370,328.03,330.79,330.79,2040
canada_quebec,ukesm1-0-ll,ssp370,2557.23,2557.23,2557.23,2040
usa_caiso,ukesm1-0-ll,ssp370,1546.75,1551.31,1551.31,2040
canada_bc,ukesm1-0-ll,ssp370,4097.87,4097.87,4097.87,2040
usa_northerngrid_west,ukesm1-0-ll,ssp370,10335.54,10335.91,10335.91,2040
usa_miso_central,ukesm1-0-ll,ssp370,472.41,475.56,475.56,2040
usa_sertp,ukesm1-0-ll,ssp370,2892.77,2919.69,2919.69,2040
canada_prairies,ukesm1-0-ll,ssp370,4308.52,4308.52,4308.52,2040
canada_ontario,ukesm1-0-ll,ssp370,1777.22,1924.27,1924.27,2040
usa_pjm_east,ukesm1-0-ll,ssp370,761.83,761.83,761.83,2040
usa_nyiso,ukesm1-0-ll,ssp370,2400.27,2408.35,2408.35,2040
usa_northerngrid_east,gfdl-esm4,ssp126,1575.74,1575.74,1575.74,2040
usa_miso_north,gfdl-esm4,ssp126,161.01,163.02,163.02,2040
usa_westconnect_south,gfdl-esm4,ssp126,2289.83,2289.83,2289.83,2040
usa_northerngrid_south,gfdl-esm4,ssp126,170.72,170.72,170.72,2040
usa_isone,gfdl-esm4,ssp126,434.42,437.84,437.84,2033
canada_atlantic,gfdl-esm4,ssp126,879.32,879.32,879.32,2040
usa_westconnect_north,gfdl-esm4,ssp126,253.04,255.48,255.48,2040
canada_quebec,gfdl-esm4,ssp126,2461.94,2461.94,2461.94,2040
usa_caiso,gfdl-esm4,ssp126,1731.49,1746.07,1746.07,2040
canada_bc,gfdl-esm4,ssp126,4055.46,4055.46,4055.46,2040
usa_northerngrid_west,gfdl-esm4,ssp126,10080.64,10080.98,10080.98,2040
usa_miso_central,gfdl-esm4,ssp126,416.9,419.42,419.42,2040
usa_sertp,gfdl-esm4,ssp126,3233.92,3262.14,3262.14,2040
canada_prairies,gfdl-esm4,ssp126,3715.48,3715.48,3715.48,2040
canada_ontario,gfdl-esm4,ssp126,1649.64,1733.36,1733.36,2040
usa_pjm_east,gfdl-esm4,ssp126,821.42,823.65,823.65,2040
usa_nyiso,gfdl-esm4,ssp126,2475.58,2483.35,2483.35,2040
usa_northerngrid_east,gfdl-esm4,ssp585,1624.38,1628.0,1628.0,2040
usa_miso_north,gfdl-esm4,ssp585,157.82,157.82,157.82,2040
usa_westconnect_south,gfdl-esm4,ssp585,2399.09,2399.09,2399.09,2040
usa_northerngrid_south,gfdl-esm4,ssp585,183.66,183.66,183.66,2040
usa_isone,gfdl-esm4,ssp585,456.71,461.24,461.24,2040
canada_atlantic,gfdl-esm4,ssp585,877.07,877.07,877.07,2040
usa_westconnect_north,gfdl-esm4,ssp585,270.77,273.06,273.06,2040
canada_quebec,gfdl-esm4,ssp585,2618.74,2618.74,2618.74,2040
usa_caiso,gfdl-esm4,ssp585,1485.31,1502.57,1502.57,2040
canada_bc,gfdl-esm4,ssp585,4063.86,4063.86,4063.86,2040
usa_northerngrid_west,gfdl-esm4,ssp585,9753.42,9753.8,9753.8,2040
usa_miso_central,gfdl-esm4,ssp585,432.37,435.2,435.2,2040
usa_sertp,gfdl-esm4,ssp585,3253.37,3269.99,3269.99,2040
canada_prairies,gfdl-esm4,ssp585,4316.87,4316.87,4316.87,2040
canada_ontario,gfdl-esm4,ssp585,1646.89,1723.35,1723.35,2040
usa_pjm_east,gfdl-esm4,ssp585,766.67,769.19,769.19,2040
usa_nyiso,gfdl-esm4,ssp585,2557.2,2564.48,2564.48,2040
usa_northerngrid_east,gfdl-esm4,ssp370,1632.21,1632.21,1632.21,2040
usa_miso_north,gfdl-esm4,ssp370,160.68,162.66,162.66,2040
usa_westconnect_south,gfdl-esm4,ssp370,2340.5,2345.32,2345.32,2040
usa_northerngrid_south,gfdl-esm4,ssp370,188.28,188.32,188.32,2040
usa_isone,gfdl-esm4,ssp370,487.91,493.87,493.87,2040
canada_atlantic,gfdl-esm4,ssp370,880.26,880.26,880.26,2040
usa_westconnect_north,gfdl-esm4,ssp370,217.33,220.28,220.28,2040
canada_quebec,gfdl-esm4,ssp370,2523.66,2523.66,2523.66,2040
usa_caiso,gfdl-esm4,ssp370,1692.11,1704.84,1704.84,2040
usa_pjm_west,gfdl-esm4,ssp370,5.67,5.67,5.67,2040
canada_bc,gfdl-esm4,ssp370,3270.1,3270.1,3270.1,2040
usa_northerngrid_west,gfdl-esm4,ssp370,10118.0,10118.47,10118.47,2040
usa_miso_central,gfdl-esm4,ssp370,470.56,473.17,473.17,2040
usa_sertp,gfdl-esm4,ssp370,3365.41,3390.42,3390.42,2040
canada_prairies,gfdl-esm4,ssp370,4165.26,4165.61,4165.61,2040
canada_ontario,gfdl-esm4,ssp370,1674.97,1759.33,1759.33,2040
usa_pjm_east,gfdl-esm4,ssp370,752.5,758.45,758.45,2040
usa_nyiso,gfdl-esm4,ssp370,2564.14,2573.98,2573.98,2040
