region,gcm,ssp,indep_mw,cascopt_mw,ps_gain_mw
lithuania,mri-esm2-0,ssp126,24.416,23.767,5.111
lithuania,mri-esm2-0,ssp585,21.255,20.283,0.0
lithuania,mri-esm2-0,ssp370,27.48,27.135,0.0
lithuania,mpi-esm1-2-hr,ssp126,20.203,20.362,0.0
lithuania,mpi-esm1-2-hr,ssp585,21.59,21.289,0.0
lithuania,mpi-esm1-2-hr,ssp370,27.915,27.77,0.0
lithuania,ipsl-cm6a-lr,ssp126,19.633,18.241,0.0
lithuania,ipsl-cm6a-lr,ssp585,26.41,26.64,0.0
lithuania,ipsl-cm6a-lr,ssp370,29.145,29.162,0.0
lithuania,ukesm1-0-ll,ssp126,21.774,21.56,0.0
lithuania,ukesm1-0-ll,ssp585,26.166,26.472,0.0
lithuania,ukesm1-0-ll,ssp370,21.171,21.291,0.0
lithuania,gfdl-esm4,ssp126,29.156,28.157,4.953
lithuania,gfdl-esm4,ssp585,22.845,22.2,0.0
lithuania,gfdl-esm4,ssp370,23.805,22.811,0.0
india_north,mri-esm2-0,ssp126,4701.018,4701.018,0.0
india_north,mri-esm2-0,ssp585,4574.746,4574.746,0.0
india_north,mri-esm2-0,ssp370,4596.06,4596.06,0.0
india_north,mpi-esm1-2-hr,ssp126,4632.005,4632.005,0.0
india_north,mpi-esm1-2-hr,ssp585,4700.372,4700.372,0.0
india_north,mpi-esm1-2-hr,ssp370,4412.933,4412.933,0.0
india_north,ipsl-cm6a-lr,ssp126,4563.406,4563.406,0.0
india_north,ipsl-cm6a-lr,ssp585,4418.261,4418.261,0.0
india_north,ipsl-cm6a-lr,ssp370,4550.941,4550.941,0.0
india_north,ukesm1-0-ll,ssp126,4662.341,4662.341,0.0
india_north,ukesm1-0-ll,ssp585,4507.502,4507.502,0.0
india_north,ukesm1-0-ll,ssp370,4497.211,4497.211,0.0
india_north,gfdl-esm4,ssp126,4721.263,4721.263,0.0
india_north,gfdl-esm4,ssp585,4627.092,4627.092,0.0
india_north,gfdl-esm4,ssp370,4523.983,4523.983,0.0
india_west,mri-esm2-0,ssp126,783.66,783.66,0.0
india_west,mri-esm2-0,ssp585,836.815,836.815,0.0
india_west,mri-esm2-0,ssp370,670.59,670.59,0.0
india_west,mpi-esm1-2-hr,ssp126,858.281,858.281,0.0
india_west,mpi-esm1-2-hr,ssp585,775.016,775.016,0.0
india_west,mpi-esm1-2-hr,ssp370,881.229,881.229,0.0
india_west,ipsl-cm6a-lr,ssp126,802.338,802.338,0.0
india_west,ipsl-cm6a-lr,ssp585,462.481,462.481,0.0
india_west,ukesm1-0-ll,ssp126,716.518,716.518,0.0
india_west,ukesm1-0-ll,ssp585,687.725,687.725,0.0
india_west,ukesm1-0-ll,ssp370,671.847,671.847,0.0
india_west,gfdl-esm4,ssp126,653.479,653.479,0.0
india_west,gfdl-esm4,ssp585,806.378,806.378,0.0
india_west,gfdl-esm4,ssp370,697.222,697.222,0.0
india_south,mri-esm2-0,ssp126,2851.954,2827.077,0.0
india_south,mri-esm2-0,ssp585,2828.298,2796.115,14.433
india_south,mri-esm2-0,ssp370,2895.613,2876.026,15.757
india_south,mpi-esm1-2-hr,ssp126,2240.485,2225.396,0.0
india_south,mpi-esm1-2-hr,ssp585,2802.598,2802.31,11.026
india_south,mpi-esm1-2-hr,ssp370,2875.919,2860.389,15.253
india_south,ipsl-cm6a-lr,ssp126,2713.075,2701.37,13.299
india_south,ipsl-cm6a-lr,ssp585,2803.578,2801.031,0.0
india_south,ipsl-cm6a-lr,ssp370,2774.831,2764.362,23.922
india_south,ukesm1-0-ll,ssp126,2687.827,2653.584,0.123
india_south,ukesm1-0-ll,ssp585,2783.353,2760.712,1.254
india_south,ukesm1-0-ll,ssp370,2753.395,2755.82,0.0
india_south,gfdl-esm4,ssp126,2837.031,2815.268,11.548
india_south,gfdl-esm4,ssp585,2854.912,2840.889,18.703
india_south,gfdl-esm4,ssp370,2892.316,2874.136,42.618
sweden,mri-esm2-0,ssp126,2640.071,2640.127,3.944
sweden,mri-esm2-0,ssp585,2606.401,2606.232,0.268
sweden,mri-esm2-0,ssp370,2067.51,2067.57,0.093
sweden,mpi-esm1-2-hr,ssp126,2567.135,2566.826,0.021
sweden,mpi-esm1-2-hr,ssp585,2699.297,2699.032,9.339
sweden,mpi-esm1-2-hr,ssp370,2939.042,2938.854,0.488
sweden,ipsl-cm6a-lr,ssp126,2571.774,2571.608,0.678
sweden,ipsl-cm6a-lr,ssp585,2159.026,2158.468,1.399
sweden,ipsl-cm6a-lr,ssp370,2698.003,2697.441,4.139
sweden,ukesm1-0-ll,ssp126,2662.983,2662.455,0.0
sweden,ukesm1-0-ll,ssp585,2591.974,2591.918,0.0
sweden,ukesm1-0-ll,ssp370,2900.481,2900.168,5.832
sweden,gfdl-esm4,ssp126,2619.047,2618.586,0.406
sweden,gfdl-esm4,ssp585,2576.391,2576.37,0.406
sweden,gfdl-esm4,ssp370,2517.749,2517.588,0.131
norway,mri-esm2-0,ssp126,2702.358,2701.671,27.44
norway,mri-esm2-0,ssp370,2867.655,2863.86,19.26
norway,mpi-esm1-2-hr,ssp126,2704.356,2702.079,15.602
norway,mpi-esm1-2-hr,ssp585,3076.493,3071.408,24.048
norway,mpi-esm1-2-hr,ssp370,3076.267,3072.741,14.149
norway,ipsl-cm6a-lr,ssp585,2646.635,2643.483,18.286
norway,ukesm1-0-ll,ssp126,2260.941,2257.098,11.566
norway,ukesm1-0-ll,ssp585,2990.614,2987.876,15.823
norway,ukesm1-0-ll,ssp370,3063.503,3061.906,21.855
norway,gfdl-esm4,ssp126,3023.927,3019.167,17.843
norway,gfdl-esm4,ssp370,2908.536,2907.585,17.506
poland,mri-esm2-0,ssp126,76.061,76.061,5.35
poland,mri-esm2-0,ssp585,80.753,80.753,5.658
poland,mri-esm2-0,ssp370,78.15,78.15,0.621
poland,mpi-esm1-2-hr,ssp126,72.919,72.919,0.751
poland,mpi-esm1-2-hr,ssp585,73.449,73.449,1.064
poland,mpi-esm1-2-hr,ssp370,77.036,77.036,0.617
poland,ipsl-cm6a-lr,ssp126,75.11,75.11,0.835
poland,ipsl-cm6a-lr,ssp585,79.349,79.349,6.451
poland,ipsl-cm6a-lr,ssp370,79.408,79.408,0.758
poland,ukesm1-0-ll,ssp126,71.826,71.826,5.108
poland,ukesm1-0-ll,ssp585,80.919,80.919,0.77
poland,ukesm1-0-ll,ssp370,79.04,79.04,0.935
poland,gfdl-esm4,ssp126,77.761,77.761,0.808
poland,gfdl-esm4,ssp585,83.356,83.356,0.605
poland,gfdl-esm4,ssp370,79.586,79.586,0.707
slovakia,mri-esm2-0,ssp126,309.943,310.383,32.067
slovakia,mri-esm2-0,ssp585,333.072,333.048,33.317
slovakia,mri-esm2-0,ssp370,313.639,313.576,12.192
slovakia,mpi-esm1-2-hr,ssp126,300.554,300.256,8.484
slovakia,mpi-esm1-2-hr,ssp585,308.169,308.223,21.846
slovakia,ipsl-cm6a-lr,ssp126,290.992,291.254,2.348
slovakia,ipsl-cm6a-lr,ssp585,350.234,350.237,10.226
slovakia,ipsl-cm6a-lr,ssp370,334.643,334.587,4.274
slovakia,ukesm1-0-ll,ssp126,327.004,327.275,12.149
slovakia,ukesm1-0-ll,ssp585,330.354,330.102,40.485
slovakia,ukesm1-0-ll,ssp370,336.606,336.657,21.386
slovakia,gfdl-esm4,ssp126,283.861,283.767,21.375
slovakia,gfdl-esm4,ssp585,295.185,295.635,40.228
slovakia,gfdl-esm4,ssp370,297.576,297.746,1.585
austria,mri-esm2-0,ssp126,2361.381,2361.364,90.849
austria,mri-esm2-0,ssp585,2347.524,2347.96,38.727
austria,mri-esm2-0,ssp370,2415.998,2415.855,101.996
austria,mpi-esm1-2-hr,ssp126,2372.792,2371.466,82.174
austria,mpi-esm1-2-hr,ssp585,2353.332,2353.359,99.938
austria,mpi-esm1-2-hr,ssp370,2318.027,2317.882,109.598
austria,ipsl-cm6a-lr,ssp126,2412.368,2412.268,93.991
austria,ipsl-cm6a-lr,ssp585,2351.367,2351.44,93.939
austria,ipsl-cm6a-lr,ssp370,2385.292,2385.466,57.692
austria,ukesm1-0-ll,ssp126,2331.666,2331.447,121.371
austria,ukesm1-0-ll,ssp585,2422.783,2422.719,77.363
austria,ukesm1-0-ll,ssp370,2402.265,2401.605,84.121
austria,gfdl-esm4,ssp126,2353.826,2352.548,68.899
austria,gfdl-esm4,ssp585,5079.812,5079.045,3.131
austria,gfdl-esm4,ssp370,2420.002,2418.454,78.084
germany,mri-esm2-0,ssp126,1243.751,1243.751,32.878
germany,mri-esm2-0,ssp585,1160.25,1160.25,21.96
germany,mri-esm2-0,ssp370,1250.939,1250.939,33.813
germany,mpi-esm1-2-hr,ssp126,1150.117,1150.117,18.753
germany,mpi-esm1-2-hr,ssp585,1158.443,1158.443,10.584
germany,mpi-esm1-2-hr,ssp370,1176.505,1176.505,28.37
germany,ipsl-cm6a-lr,ssp126,1215.894,1215.894,12.376
germany,ipsl-cm6a-lr,ssp585,1178.064,1178.064,20.362
germany,ipsl-cm6a-lr,ssp370,1220.601,1220.601,23.191
germany,ukesm1-0-ll,ssp126,1204.631,1204.631,14.599
germany,ukesm1-0-ll,ssp585,1205.897,1205.897,32.092
germany,ukesm1-0-ll,ssp370,1165.965,1165.965,24.691
germany,gfdl-esm4,ssp126,1178.218,1178.218,18.943
germany,gfdl-esm4,ssp585,1196.522,1196.522,24.622
germany,gfdl-esm4,ssp370,1189.098,1189.098,19.23
switzerland,mri-esm2-0,ssp126,1576.832,1576.832,148.35
switzerland,mri-esm2-0,ssp585,1586.218,1586.218,76.735
switzerland,mri-esm2-0,ssp370,1652.447,1652.447,72.088
switzerland,mpi-esm1-2-hr,ssp126,1590.079,1590.079,72.081
switzerland,mpi-esm1-2-hr,ssp585,1557.386,1557.386,196.087
switzerland,mpi-esm1-2-hr,ssp370,1591.83,1591.83,111.928
switzerland,ipsl-cm6a-lr,ssp126,1633.928,1633.928,47.04
switzerland,ipsl-cm6a-lr,ssp585,1587.926,1587.926,165.873
switzerland,ipsl-cm6a-lr,ssp370,1617.402,1617.402,167.16
switzerland,ukesm1-0-ll,ssp126,1579.215,1579.215,138.627
switzerland,ukesm1-0-ll,ssp585,1611.84,1611.84,164.229
switzerland,ukesm1-0-ll,ssp370,1645.427,1645.427,84.01
switzerland,gfdl-esm4,ssp126,1602.842,1602.842,150.375
switzerland,gfdl-esm4,ssp585,1611.575,1611.575,143.205
switzerland,gfdl-esm4,ssp370,1580.283,1580.283,117.159
usa_northerngrid_east,mri-esm2-0,ssp126,1770.638,1770.638,0.075
usa_northerngrid_east,mri-esm2-0,ssp585,1725.6,1725.6,0.0
usa_northerngrid_east,mri-esm2-0,ssp370,1681.362,1681.362,0.079
usa_northerngrid_east,mpi-esm1-2-hr,ssp126,1775.205,1775.205,0.0
usa_northerngrid_east,mpi-esm1-2-hr,ssp585,1701.508,1701.508,0.0
usa_northerngrid_east,mpi-esm1-2-hr,ssp370,1614.465,1614.465,0.0
usa_northerngrid_east,ipsl-cm6a-lr,ssp126,1685.984,1685.984,0.0
usa_northerngrid_east,ipsl-cm6a-lr,ssp585,1791.753,1791.753,0.0
usa_northerngrid_east,ipsl-cm6a-lr,ssp370,1682.084,1682.084,0.0
usa_northerngrid_east,ukesm1-0-ll,ssp126,1724.953,1724.953,0.0
usa_northerngrid_east,ukesm1-0-ll,ssp585,1769.71,1769.71,0.0
usa_northerngrid_east,ukesm1-0-ll,ssp370,1739.372,1739.372,0.0
usa_northerngrid_east,gfdl-esm4,ssp126,1708.66,1708.66,0.0
usa_northerngrid_east,gfdl-esm4,ssp585,1688.577,1688.577,0.0
usa_northerngrid_east,gfdl-esm4,ssp370,1768.275,1768.275,0.0
usa_miso_north,mri-esm2-0,ssp126,90.527,90.527,2.667
usa_miso_north,mri-esm2-0,ssp585,108.547,108.547,2.504
usa_miso_north,mri-esm2-0,ssp370,111.772,111.772,2.667
usa_miso_north,mpi-esm1-2-hr,ssp126,105.739,105.739,2.208
usa_miso_north,mpi-esm1-2-hr,ssp585,94.794,94.794,2.209
usa_miso_north,mpi-esm1-2-hr,ssp370,94.659,94.659,2.372
usa_miso_north,ipsl-cm6a-lr,ssp126,94.382,94.382,2.555
usa_miso_north,ipsl-cm6a-lr,ssp585,103.78,103.78,2.392
usa_miso_north,ipsl-cm6a-lr,ssp370,163.903,163.903,1.024
usa_miso_north,ukesm1-0-ll,ssp126,106.673,106.673,2.341
usa_miso_north,ukesm1-0-ll,ssp585,108.389,108.389,2.342
usa_miso_north,ukesm1-0-ll,ssp370,113.186,113.186,2.178
usa_miso_north,gfdl-esm4,ssp126,97.266,97.266,2.504
usa_miso_north,gfdl-esm4,ssp585,96.502,96.502,2.423
usa_miso_north,gfdl-esm4,ssp370,97.472,97.472,2.504
usa_westconnect_south,mri-esm2-0,ssp126,1868.394,1862.949,2.508
usa_westconnect_south,mri-esm2-0,ssp585,1822.577,1791.303,0.337
usa_westconnect_south,mri-esm2-0,ssp370,1923.762,1920.205,0.852
usa_westconnect_south,mpi-esm1-2-hr,ssp126,1762.677,1721.286,0.214
usa_westconnect_south,mpi-esm1-2-hr,ssp585,1856.732,1827.423,0.093
usa_westconnect_south,mpi-esm1-2-hr,ssp370,1887.967,1883.448,0.0
usa_westconnect_south,ipsl-cm6a-lr,ssp126,1708.251,1663.449,1.124
usa_westconnect_south,ipsl-cm6a-lr,ssp585,1768.319,1723.719,0.0
usa_westconnect_south,ipsl-cm6a-lr,ssp370,1830.735,1769.857,1.689
usa_westconnect_south,ukesm1-0-ll,ssp126,2011.542,1986.162,0.428
usa_westconnect_south,ukesm1-0-ll,ssp585,1839.877,1813.643,0.773
usa_westconnect_south,ukesm1-0-ll,ssp370,1731.415,1715.576,0.0
usa_westconnect_south,gfdl-esm4,ssp126,1754.641,1746.58,0.0
usa_westconnect_south,gfdl-esm4,ssp585,1775.014,1728.176,0.143
usa_westconnect_south,gfdl-esm4,ssp370,1808.155,1790.381,1.725
usa_northerngrid_south,mri-esm2-0,ssp126,473.393,473.393,0.075
usa_northerngrid_south,mri-esm2-0,ssp585,425.977,425.977,0.142
usa_northerngrid_south,mri-esm2-0,ssp370,462.797,462.797,0.169
usa_northerngrid_south,mpi-esm1-2-hr,ssp126,443.102,443.102,0.201
usa_northerngrid_south,mpi-esm1-2-hr,ssp585,433.167,433.167,0.561
usa_northerngrid_south,mpi-esm1-2-hr,ssp370,392.554,392.554,0.272
usa_northerngrid_south,ipsl-cm6a-lr,ssp126,689.556,689.556,0.138
usa_northerngrid_south,ipsl-cm6a-lr,ssp370,486.693,486.693,0.116
usa_northerngrid_south,ukesm1-0-ll,ssp126,402.669,402.669,0.216
usa_northerngrid_south,ukesm1-0-ll,ssp585,407.143,407.143,0.169
usa_northerngrid_south,ukesm1-0-ll,ssp370,385.361,385.361,0.351
usa_northerngrid_south,gfdl-esm4,ssp126,555.404,555.404,0.242
usa_northerngrid_south,gfdl-esm4,ssp585,453.186,453.186,0.189
usa_northerngrid_south,gfdl-esm4,ssp370,442.419,442.419,0.179
usa_spp_north,mri-esm2-0,ssp126,1465.466,1465.466,0.0
usa_spp_north,mri-esm2-0,ssp585,1501.762,1501.762,0.0
usa_spp_north,mri-esm2-0,ssp370,1521.58,1521.58,0.0
usa_spp_north,mpi-esm1-2-hr,ssp126,1369.747,1369.747,0.0
usa_spp_north,mpi-esm1-2-hr,ssp585,1402.936,1402.936,0.0
usa_spp_north,mpi-esm1-2-hr,ssp370,1422.586,1422.586,0.0
usa_spp_north,ipsl-cm6a-lr,ssp126,1473.62,1473.62,0.0
usa_spp_north,ipsl-cm6a-lr,ssp585,1515.976,1515.976,0.0
usa_spp_north,ipsl-cm6a-lr,ssp370,1471.818,1471.818,0.0
usa_spp_north,ukesm1-0-ll,ssp126,1406.16,1406.16,0.0
usa_spp_north,ukesm1-0-ll,ssp585,1416.366,1416.366,0.0
usa_spp_north,ukesm1-0-ll,ssp370,1426.172,1426.172,0.0
usa_spp_north,gfdl-esm4,ssp126,1481.837,1481.837,0.0
usa_spp_north,gfdl-esm4,ssp585,1455.077,1455.077,0.0
usa_spp_north,gfdl-esm4,ssp370,1530.368,1530.368,0.0
usa_spp_south,mri-esm2-0,ssp126,470.118,469.574,9.665
usa_spp_south,mri-esm2-0,ssp585,448.701,448.075,28.056
usa_spp_south,mri-esm2-0,ssp370,498.63,498.285,9.97
usa_spp_south,mpi-esm1-2-hr,ssp126,378.437,378.28,3.879
usa_spp_south,mpi-esm1-2-hr,ssp585,451.475,450.55,15.274
usa_spp_south,mpi-esm1-2-hr,ssp370,461.233,460.998,3.674
usa_spp_south,ipsl-cm6a-lr,ssp126,508.007,507.697,4.443
usa_spp_south,ipsl-cm6a-lr,ssp585,503.384,502.482,24.912
usa_spp_south,ipsl-cm6a-lr,ssp370,475.251,475.093,13.473
usa_spp_south,ukesm1-0-ll,ssp126,415.624,414.784,22.176
usa_spp_south,ukesm1-0-ll,ssp585,393.136,393.056,7.373
usa_spp_south,ukesm1-0-ll,ssp370,427.343,427.378,5.624
usa_spp_south,gfdl-esm4,ssp126,523.305,522.594,21.15
usa_spp_south,gfdl-esm4,ssp585,362.557,361.916,16.112
usa_spp_south,gfdl-esm4,ssp370,488.03,487.27,7.861
usa_isone,mri-esm2-0,ssp126,377.111,377.33,27.901
usa_isone,mri-esm2-0,ssp585,341.472,342.018,18.445
usa_isone,mri-esm2-0,ssp370,356.796,356.828,13.15
usa_isone,mpi-esm1-2-hr,ssp126,361.165,360.709,7.64
usa_isone,mpi-esm1-2-hr,ssp585,325.345,325.149,0.0
usa_isone,mpi-esm1-2-hr,ssp370,346.505,346.66,8.114
usa_isone,ipsl-cm6a-lr,ssp126,342.092,342.21,0.0
usa_isone,ipsl-cm6a-lr,ssp585,325.541,325.698,23.697
usa_isone,ipsl-cm6a-lr,ssp370,327.349,327.447,0.0
usa_isone,ukesm1-0-ll,ssp126,330.863,331.288,21.296
usa_isone,ukesm1-0-ll,ssp585,335.022,335.073,8.616
usa_isone,ukesm1-0-ll,ssp370,316.191,316.16,23.211
usa_isone,gfdl-esm4,ssp126,344.583,345.167,1.311
usa_isone,gfdl-esm4,ssp585,341.505,341.331,3.211
usa_isone,gfdl-esm4,ssp370,376.303,376.57,0.0
usa_westconnect_north,mri-esm2-0,ssp126,209.455,210.119,9.503
usa_westconnect_north,mri-esm2-0,ssp585,194.418,194.117,1.503
usa_westconnect_north,mri-esm2-0,ssp370,195.876,195.326,3.79
usa_westconnect_north,mpi-esm1-2-hr,ssp126,186.866,186.368,2.181
usa_westconnect_north,mpi-esm1-2-hr,ssp585,192.596,192.578,4.824
usa_westconnect_north,mpi-esm1-2-hr,ssp370,197.24,197.199,1.324
usa_westconnect_north,ipsl-cm6a-lr,ssp126,194.921,195.099,0.521
usa_westconnect_north,ipsl-cm6a-lr,ssp585,198.402,198.153,3.477
usa_westconnect_north,ipsl-cm6a-lr,ssp370,198.062,198.136,2.322
usa_westconnect_north,ukesm1-0-ll,ssp126,192.282,192.474,1.637
usa_westconnect_north,ukesm1-0-ll,ssp585,195.838,195.454,3.84
usa_westconnect_north,ukesm1-0-ll,ssp370,253.607,254.117,5.736
usa_westconnect_north,gfdl-esm4,ssp126,187.021,186.937,1.964
usa_westconnect_north,gfdl-esm4,ssp585,204.498,204.749,0.899
usa_westconnect_north,gfdl-esm4,ssp370,158.952,158.678,3.786
usa_caiso,mri-esm2-0,ssp126,1458.155,1460.225,14.664
usa_caiso,mri-esm2-0,ssp585,1232.68,1232.256,11.366
usa_caiso,mri-esm2-0,ssp370,1242.015,1243.929,23.279
usa_caiso,mpi-esm1-2-hr,ssp126,1471.111,1471.031,18.746
usa_caiso,mpi-esm1-2-hr,ssp585,1424.02,1425.779,16.279
usa_caiso,mpi-esm1-2-hr,ssp370,789.354,788.293,0.0
usa_caiso,ipsl-cm6a-lr,ssp126,1237.9,1238.19,19.086
usa_caiso,ipsl-cm6a-lr,ssp585,1443.565,1446.351,0.0
usa_caiso,ipsl-cm6a-lr,ssp370,1262.464,1261.303,8.466
usa_caiso,ukesm1-0-ll,ssp126,1312.958,1312.741,15.248
usa_caiso,ukesm1-0-ll,ssp585,1437.219,1439.438,28.032
usa_caiso,ukesm1-0-ll,ssp370,1241.653,1240.96,11.567
usa_caiso,gfdl-esm4,ssp126,1417.23,1416.456,20.071
usa_caiso,gfdl-esm4,ssp585,1184.499,1184.583,19.074
usa_caiso,gfdl-esm4,ssp370,1379.934,1378.973,13.205
usa_northerngrid_west,mri-esm2-0,ssp126,7971.841,7971.841,0.0
usa_northerngrid_west,mri-esm2-0,ssp585,7649.65,7649.65,0.0
usa_northerngrid_west,mri-esm2-0,ssp370,7428.956,7428.956,0.0
usa_northerngrid_west,mpi-esm1-2-hr,ssp126,7630.584,7630.584,0.0
usa_northerngrid_west,mpi-esm1-2-hr,ssp585,7316.319,7316.319,0.0
usa_northerngrid_west,mpi-esm1-2-hr,ssp370,7580.334,7580.334,0.0
usa_northerngrid_west,ipsl-cm6a-lr,ssp126,7289.263,7289.263,0.0
usa_northerngrid_west,ipsl-cm6a-lr,ssp585,7886.884,7886.884,0.0
usa_northerngrid_west,ipsl-cm6a-lr,ssp370,7423.138,7423.138,0.0
usa_northerngrid_west,ukesm1-0-ll,ssp126,7488.756,7488.756,0.0
usa_northerngrid_west,ukesm1-0-ll,ssp585,7757.13,7757.13,0.0
usa_northerngrid_west,ukesm1-0-ll,ssp370,7566.558,7566.558,0.0
usa_northerngrid_west,gfdl-esm4,ssp126,7622.461,7622.461,0.0
usa_northerngrid_west,gfdl-esm4,ssp585,7401.456,7401.456,0.0
usa_northerngrid_west,gfdl-esm4,ssp370,7776.368,7776.368,0.0
usa_miso_central,mri-esm2-0,ssp126,254.521,254.521,0.0
usa_miso_central,mri-esm2-0,ssp585,250.232,250.232,0.0
usa_miso_central,mri-esm2-0,ssp370,250.28,250.28,0.0
usa_miso_central,mpi-esm1-2-hr,ssp126,248.748,248.748,0.0
usa_miso_central,mpi-esm1-2-hr,ssp585,232.57,232.57,0.0
usa_miso_central,mpi-esm1-2-hr,ssp370,251.018,251.018,0.0
usa_miso_central,ipsl-cm6a-lr,ssp126,244.375,244.375,0.0
usa_miso_central,ipsl-cm6a-lr,ssp585,241.182,241.182,0.0
usa_miso_central,ipsl-cm6a-lr,ssp370,245.81,245.81,0.0
usa_miso_central,ukesm1-0-ll,ssp126,260.521,260.521,0.0
usa_miso_central,ukesm1-0-ll,ssp585,227.492,227.492,0.0
usa_miso_central,ukesm1-0-ll,ssp370,241.706,241.706,0.0
usa_miso_central,gfdl-esm4,ssp126,245.934,245.934,0.0
usa_miso_central,gfdl-esm4,ssp585,231.609,231.609,0.0
usa_miso_central,gfdl-esm4,ssp370,258.12,258.12,0.0
usa_sertp,mri-esm2-0,ssp126,2800.276,2794.52,7.314
usa_sertp,mri-esm2-0,ssp585,2958.31,2956.856,84.309
usa_sertp,mri-esm2-0,ssp370,2808.634,2801.893,6.694
usa_sertp,mpi-esm1-2-hr,ssp126,2678.609,2675.406,9.2
usa_sertp,mpi-esm1-2-hr,ssp585,2809.058,2804.7,9.746
usa_sertp,mpi-esm1-2-hr,ssp370,2636.88,2630.715,8.487
usa_sertp,ipsl-cm6a-lr,ssp126,2789.0,2785.092,9.019
usa_sertp,ipsl-cm6a-lr,ssp370,3000.133,2996.423,6.863
usa_sertp,ukesm1-0-ll,ssp126,2602.317,2601.042,96.436
usa_sertp,ukesm1-0-ll,ssp585,2401.107,2398.964,7.341
usa_sertp,ukesm1-0-ll,ssp370,2472.315,2470.157,7.58
usa_sertp,gfdl-esm4,ssp126,2763.202,2760.114,108.977
usa_sertp,gfdl-esm4,ssp585,2768.057,2763.042,61.368
usa_sertp,gfdl-esm4,ssp370,2896.063,2893.172,6.882
usa_pjm_east,mri-esm2-0,ssp126,687.977,685.518,66.504
usa_pjm_east,mri-esm2-0,ssp585,665.958,662.349,51.698
usa_pjm_east,mri-esm2-0,ssp370,674.473,671.901,45.647
usa_pjm_east,mpi-esm1-2-hr,ssp126,652.218,651.008,76.052
usa_pjm_east,mpi-esm1-2-hr,ssp585,629.297,626.196,64.846
usa_pjm_east,mpi-esm1-2-hr,ssp370,631.892,625.152,68.207
usa_pjm_east,ipsl-cm6a-lr,ssp126,631.269,627.326,53.515
usa_pjm_east,ipsl-cm6a-lr,ssp585,677.609,676.469,67.453
usa_pjm_east,ipsl-cm6a-lr,ssp370,682.186,673.856,37.967
usa_pjm_east,ukesm1-0-ll,ssp126,664.179,658.916,49.436
usa_pjm_east,ukesm1-0-ll,ssp585,633.902,627.189,38.302
usa_pjm_east,ukesm1-0-ll,ssp370,611.484,609.096,43.049
usa_pjm_east,gfdl-esm4,ssp126,704.055,698.029,41.805
usa_pjm_east,gfdl-esm4,ssp585,634.158,628.011,73.587
usa_pjm_east,gfdl-esm4,ssp370,652.26,647.675,64.262
usa_nyiso,mri-esm2-0,ssp126,2576.167,2576.442,16.977
usa_nyiso,mri-esm2-0,ssp585,2534.081,2534.49,8.334
usa_nyiso,mri-esm2-0,ssp370,2543.188,2543.369,13.68
usa_nyiso,mpi-esm1-2-hr,ssp126,2536.033,2536.686,0.662
usa_nyiso,mpi-esm1-2-hr,ssp585,2553.294,2553.612,0.0
usa_nyiso,mpi-esm1-2-hr,ssp370,2544.146,2544.349,13.51
usa_nyiso,ipsl-cm6a-lr,ssp126,2550.851,2550.898,3.656
usa_nyiso,ipsl-cm6a-lr,ssp585,2569.437,2569.732,0.443
usa_nyiso,ipsl-cm6a-lr,ssp370,2530.692,2531.177,0.0
usa_nyiso,ukesm1-0-ll,ssp126,2536.905,2537.352,16.487
usa_nyiso,ukesm1-0-ll,ssp585,2535.195,2535.482,14.273
usa_nyiso,ukesm1-0-ll,ssp370,2538.619,2539.072,0.0
usa_nyiso,gfdl-esm4,ssp126,2568.435,2568.996,0.0
usa_nyiso,gfdl-esm4,ssp585,2544.446,2544.844,2.468
usa_nyiso,gfdl-esm4,ssp370,2569.99,2570.485,16.311
spain,mri-esm2-0,ssp126,1274.133,1258.75,101.089
spain,mri-esm2-0,ssp585,1239.199,1227.333,42.522
spain,mri-esm2-0,ssp370,1394.046,1380.64,34.44
spain,mpi-esm1-2-hr,ssp126,1364.533,1348.683,44.502
spain,mpi-esm1-2-hr,ssp370,1165.669,1154.821,49.632
spain,ipsl-cm6a-lr,ssp585,1229.423,1221.138,67.189
spain,ukesm1-0-ll,ssp126,1241.035,1222.887,49.752
spain,ukesm1-0-ll,ssp585,1253.619,1238.2,48.386
spain,ukesm1-0-ll,ssp370,1213.633,1194.579,31.771
spain,gfdl-esm4,ssp126,1313.824,1307.494,32.972
spain,gfdl-esm4,ssp370,1340.079,1331.826,34.806
portugal,mri-esm2-0,ssp126,157.064,159.784,13.188
portugal,mri-esm2-0,ssp585,141.776,145.681,36.935
portugal,mri-esm2-0,ssp370,199.79,203.671,20.752
portugal,mpi-esm1-2-hr,ssp126,198.73,204.559,18.472
portugal,mpi-esm1-2-hr,ssp585,173.854,177.868,35.957
portugal,mpi-esm1-2-hr,ssp370,125.15,127.795,28.737
portugal,ipsl-cm6a-lr,ssp126,144.017,147.542,23.444
portugal,ipsl-cm6a-lr,ssp585,150.222,152.452,34.278
portugal,ipsl-cm6a-lr,ssp370,181.68,185.192,18.221
portugal,ukesm1-0-ll,ssp126,150.16,153.883,3.485
portugal,ukesm1-0-ll,ssp585,135.672,138.087,13.311
portugal,ukesm1-0-ll,ssp370,135.825,137.741,20.254
portugal,gfdl-esm4,ssp126,164.11,166.102,40.089
portugal,gfdl-esm4,ssp585,196.357,199.966,58.104
portugal,gfdl-esm4,ssp370,196.232,202.414,32.634
croatia,mri-esm2-0,ssp126,73.488,73.488,0.0
croatia,mri-esm2-0,ssp585,71.046,71.046,0.0
croatia,mri-esm2-0,ssp370,74.858,74.858,0.0
croatia,mpi-esm1-2-hr,ssp126,68.078,68.078,0.0
croatia,mpi-esm1-2-hr,ssp585,65.292,65.292,0.0
croatia,mpi-esm1-2-hr,ssp370,66.773,66.773,0.0
croatia,ipsl-cm6a-lr,ssp126,67.918,67.918,0.0
croatia,ipsl-cm6a-lr,ssp585,65.437,65.437,0.0
croatia,ipsl-cm6a-lr,ssp370,73.612,73.612,0.0
croatia,ukesm1-0-ll,ssp126,71.973,71.973,0.0
croatia,ukesm1-0-ll,ssp585,73.711,73.711,0.0
croatia,ukesm1-0-ll,ssp370,72.336,72.336,0.0
croatia,gfdl-esm4,ssp126,70.456,70.456,0.0
croatia,gfdl-esm4,ssp585,75.307,75.307,0.0
croatia,gfdl-esm4,ssp370,74.093,74.093,0.0
bulgaria,mri-esm2-0,ssp126,75.357,75.357,0.0
bulgaria,mri-esm2-0,ssp585,75.008,75.008,0.0
bulgaria,mri-esm2-0,ssp370,86.138,86.138,0.0
bulgaria,mpi-esm1-2-hr,ssp126,81.07,81.07,0.0
bulgaria,mpi-esm1-2-hr,ssp585,77.557,77.557,0.0
bulgaria,mpi-esm1-2-hr,ssp370,89.134,89.134,0.0
bulgaria,ipsl-cm6a-lr,ssp126,75.18,75.18,0.0
bulgaria,ipsl-cm6a-lr,ssp585,80.258,80.258,0.0
bulgaria,ipsl-cm6a-lr,ssp370,71.187,71.187,0.0
bulgaria,ukesm1-0-ll,ssp126,84.811,84.811,0.0
bulgaria,ukesm1-0-ll,ssp585,77.857,77.857,0.0
bulgaria,ukesm1-0-ll,ssp370,78.031,78.031,0.0
bulgaria,gfdl-esm4,ssp126,85.104,85.104,0.0
bulgaria,gfdl-esm4,ssp585,90.363,90.363,0.0
bulgaria,gfdl-esm4,ssp370,82.76,82.76,0.0
greece,mri-esm2-0,ssp126,245.555,242.069,0.056
greece,mri-esm2-0,ssp585,247.783,244.094,0.0
greece,mri-esm2-0,ssp370,265.715,260.524,1.033
greece,mpi-esm1-2-hr,ssp126,282.18,279.592,0.357
greece,mpi-esm1-2-hr,ssp585,292.029,290.304,0.0
greece,mpi-esm1-2-hr,ssp370,291.164,288.581,0.0
greece,ipsl-cm6a-lr,ssp126,248.981,246.374,0.0
greece,ipsl-cm6a-lr,ssp585,226.82,221.22,0.565
greece,ipsl-cm6a-lr,ssp370,247.012,242.712,1.809
greece,ukesm1-0-ll,ssp126,258.216,253.98,0.0
greece,ukesm1-0-ll,ssp585,285.074,279.645,1.233
greece,ukesm1-0-ll,ssp370,256.079,250.428,1.382
greece,gfdl-esm4,ssp126,283.874,282.88,2.841
greece,gfdl-esm4,ssp585,304.864,300.029,0.0
greece,gfdl-esm4,ssp370,282.561,279.794,1.802
italy,mri-esm2-0,ssp126,1033.096,1033.096,8.303
italy,mri-esm2-0,ssp585,996.529,996.529,7.11
italy,mri-esm2-0,ssp370,1023.942,1023.942,6.916
italy,mpi-esm1-2-hr,ssp126,1032.351,1032.351,7.538
italy,mpi-esm1-2-hr,ssp585,992.191,992.191,7.121
italy,mpi-esm1-2-hr,ssp370,1014.848,1014.848,7.05
italy,ipsl-cm6a-lr,ssp126,1008.364,1008.364,7.647
italy,ipsl-cm6a-lr,ssp585,999.97,999.97,6.535
italy,ipsl-cm6a-lr,ssp370,995.111,995.111,7.391
italy,ukesm1-0-ll,ssp126,1030.023,1030.023,7.165
italy,ukesm1-0-ll,ssp585,1024.392,1024.392,7.418
italy,ukesm1-0-ll,ssp370,995.071,995.071,6.477
italy,gfdl-esm4,ssp126,1005.074,1005.074,7.366
italy,gfdl-esm4,ssp585,1039.626,1039.626,7.5
italy,gfdl-esm4,ssp370,1048.551,1048.551,7.552
thailand,mri-esm2-0,ssp126,875.623,875.623,0.0
thailand,mri-esm2-0,ssp585,856.362,856.362,3.393
thailand,mri-esm2-0,ssp370,796.749,796.749,3.576
thailand,mpi-esm1-2-hr,ssp126,812.865,812.865,3.83
thailand,mpi-esm1-2-hr,ssp585,724.868,724.868,3.383
thailand,mpi-esm1-2-hr,ssp370,811.375,811.375,3.577
thailand,ipsl-cm6a-lr,ssp126,798.901,798.901,3.576
thailand,ipsl-cm6a-lr,ssp585,810.478,810.478,3.689
thailand,ipsl-cm6a-lr,ssp370,801.141,801.141,3.454
thailand,ukesm1-0-ll,ssp126,835.51,835.51,3.567
thailand,ukesm1-0-ll,ssp585,835.911,835.911,3.628
thailand,ukesm1-0-ll,ssp370,868.207,868.207,3.384
thailand,gfdl-esm4,ssp126,756.416,756.416,3.619
thailand,gfdl-esm4,ssp585,708.52,708.52,3.322
thailand,gfdl-esm4,ssp370,787.131,787.131,0.0
vietnam,mri-esm2-0,ssp126,2619.313,2619.313,16.597
vietnam,mri-esm2-0,ssp585,2659.989,2659.989,17.454
vietnam,mri-esm2-0,ssp370,2624.865,2624.865,19.074
vietnam,mpi-esm1-2-hr,ssp126,2503.134,2503.134,17.388
vietnam,mpi-esm1-2-hr,ssp585,2561.582,2561.582,16.645
vietnam,mpi-esm1-2-hr,ssp370,2537.06,2537.06,15.845
vietnam,ipsl-cm6a-lr,ssp126,2763.407,2763.407,18.654
vietnam,ipsl-cm6a-lr,ssp585,2572.065,2572.065,15.068
vietnam,ipsl-cm6a-lr,ssp370,2573.186,2573.186,18.581
vietnam,ukesm1-0-ll,ssp126,2637.26,2637.26,16.958
vietnam,ukesm1-0-ll,ssp585,2701.659,2701.659,17.203
vietnam,ukesm1-0-ll,ssp370,2701.297,2701.297,16.221
vietnam,gfdl-esm4,ssp126,2740.278,2740.278,18.65
vietnam,gfdl-esm4,ssp585,2602.14,2602.14,17.138
vietnam,gfdl-esm4,ssp370,2666.09,2666.09,16.837
philippines,mri-esm2-0,ssp126,850.376,849.04,0.79
philippines,mri-esm2-0,ssp585,246.386,245.512,0.0
philippines,mri-esm2-0,ssp370,241.341,240.654,0.0
philippines,mpi-esm1-2-hr,ssp126,246.222,244.699,0.871
philippines,mpi-esm1-2-hr,ssp585,257.183,255.427,0.0
philippines,mpi-esm1-2-hr,ssp370,272.405,269.6,0.0
philippines,ipsl-cm6a-lr,ssp126,310.981,307.76,0.0
philippines,ipsl-cm6a-lr,ssp585,267.803,264.829,0.0
philippines,ipsl-cm6a-lr,ssp370,264.449,261.975,0.0
philippines,ukesm1-0-ll,ssp126,261.241,260.209,0.017
philippines,ukesm1-0-ll,ssp585,266.107,264.107,0.029
philippines,ukesm1-0-ll,ssp370,269.641,267.523,0.0
philippines,gfdl-esm4,ssp126,268.465,266.238,0.0
philippines,gfdl-esm4,ssp585,254.187,253.652,2.499
philippines,gfdl-esm4,ssp370,282.598,281.87,0.0
china_ec,mri-esm2-0,ssp126,2301.27,2280.271,30.34
china_ec,mri-esm2-0,ssp585,2328.898,2315.464,26.658
china_ec,mri-esm2-0,ssp370,2255.01,2236.509,26.4
china_ec,mpi-esm1-2-hr,ssp126,2317.419,2310.917,54.397
china_ec,mpi-esm1-2-hr,ssp585,2243.665,2230.953,56.56
china_ec,mpi-esm1-2-hr,ssp370,2386.617,2373.74,46.698
china_ec,ipsl-cm6a-lr,ssp126,1805.156,1789.159,26.478
china_ec,ipsl-cm6a-lr,ssp585,2203.599,2179.063,24.394
china_ec,ipsl-cm6a-lr,ssp370,2372.955,2353.436,51.85
china_ec,ukesm1-0-ll,ssp126,2490.67,2469.012,44.136
china_ec,ukesm1-0-ll,ssp585,2208.836,2202.561,30.427
china_ec,ukesm1-0-ll,ssp370,1942.872,1916.934,33.489
china_ec,gfdl-esm4,ssp126,2550.57,2540.408,22.283
china_ec,gfdl-esm4,ssp585,2362.62,2332.053,39.732
china_ec,gfdl-esm4,ssp370,2355.004,2342.124,29.797
china_nc,mri-esm2-0,ssp126,299.595,299.595,3.77
china_nc,mri-esm2-0,ssp585,665.621,665.621,0.03
china_nc,mri-esm2-0,ssp370,373.155,373.155,3.869
china_nc,mpi-esm1-2-hr,ssp126,313.294,313.294,0.0
china_nc,mpi-esm1-2-hr,ssp585,345.954,345.954,3.411
china_nc,mpi-esm1-2-hr,ssp370,1183.939,1183.939,0.009
china_nc,ipsl-cm6a-lr,ssp126,307.155,307.155,0.0
china_nc,ipsl-cm6a-lr,ssp585,352.188,352.188,2.943
china_nc,ipsl-cm6a-lr,ssp370,0.0,0.0,0.0
china_nc,ukesm1-0-ll,ssp126,309.151,309.151,0.0
china_nc,ukesm1-0-ll,ssp585,284.043,284.043,0.513
china_nc,ukesm1-0-ll,ssp370,343.999,343.999,3.322
china_nc,gfdl-esm4,ssp126,351.671,351.671,0.525
china_nc,gfdl-esm4,ssp585,284.284,284.284,0.158
china_nc,gfdl-esm4,ssp370,310.21,310.21,0.332
china_sw,mri-esm2-0,ssp126,56052.136,55732.234,1049.73
china_sw,mri-esm2-0,ssp585,61283.262,60755.136,2043.767
china_sw,mri-esm2-0,ssp370,57670.833,57118.714,1098.738
china_sw,mpi-esm1-2-hr,ssp126,47094.713,46978.206,1843.038
china_sw,mpi-esm1-2-hr,ssp585,43440.688,42917.444,208.046
china_sw,mpi-esm1-2-hr,ssp370,55974.658,55716.592,393.829
china_sw,ipsl-cm6a-lr,ssp126,48464.982,47842.551,1056.966
china_sw,ipsl-cm6a-lr,ssp585,58128.548,57724.965,2465.257
china_sw,ipsl-cm6a-lr,ssp370,64369.19,64046.241,1774.251
china_sw,ukesm1-0-ll,ssp126,50612.593,50338.407,3212.732
china_sw,ukesm1-0-ll,ssp585,42029.258,41712.782,773.582
china_sw,ukesm1-0-ll,ssp370,54814.386,54412.449,489.927
china_sw,gfdl-esm4,ssp126,54932.085,54171.622,448.159
china_sw,gfdl-esm4,ssp585,44682.254,44507.272,2974.285
china_sw,gfdl-esm4,ssp370,63541.153,63247.51,435.628
china_csg,mri-esm2-0,ssp126,37207.8,36742.612,236.597
china_csg,mri-esm2-0,ssp585,35694.392,35598.442,109.457
china_csg,mri-esm2-0,ssp370,37183.592,36920.73,123.525
china_csg,mpi-esm1-2-hr,ssp126,38652.12,38293.696,265.956
china_csg,mpi-esm1-2-hr,ssp585,36741.884,36499.511,133.35
china_csg,mpi-esm1-2-hr,ssp370,37345.215,36928.872,200.464
china_csg,ipsl-cm6a-lr,ssp126,36437.683,36103.363,104.253
china_csg,ipsl-cm6a-lr,ssp585,36254.808,35664.418,271.479
china_csg,ipsl-cm6a-lr,ssp370,38205.47,37989.074,577.359
china_csg,ukesm1-0-ll,ssp126,37151.139,36949.262,178.276
china_csg,ukesm1-0-ll,ssp585,35899.389,35617.321,228.645
china_csg,ukesm1-0-ll,ssp370,35781.369,35333.971,239.865
china_csg,gfdl-esm4,ssp126,35764.125,35395.771,71.726
china_csg,gfdl-esm4,ssp585,39203.538,38749.816,345.433
china_csg,gfdl-esm4,ssp370,38751.063,38282.404,190.034
china_cc,mri-esm2-0,ssp126,11133.331,10908.102,159.034
china_cc,mri-esm2-0,ssp585,11011.319,10960.475,166.583
china_cc,mri-esm2-0,ssp370,10969.581,10775.428,147.347
china_cc,mpi-esm1-2-hr,ssp126,10018.203,9889.774,81.475
china_cc,mpi-esm1-2-hr,ssp585,10394.208,10252.076,142.277
china_cc,mpi-esm1-2-hr,ssp370,10232.759,10187.225,106.214
china_cc,ipsl-cm6a-lr,ssp126,10795.029,10627.252,86.248
china_cc,ipsl-cm6a-lr,ssp585,9807.767,9665.347,79.117
china_cc,ipsl-cm6a-lr,ssp370,10592.13,10386.162,103.197
china_cc,ukesm1-0-ll,ssp126,10351.665,10187.119,161.764
china_cc,ukesm1-0-ll,ssp585,10533.079,10347.03,78.124
china_cc,ukesm1-0-ll,ssp370,10823.867,10740.577,153.961
china_cc,gfdl-esm4,ssp126,10469.303,10306.404,116.137
china_cc,gfdl-esm4,ssp585,10218.51,10049.146,98.718
china_cc,gfdl-esm4,ssp370,10189.804,10122.226,70.856
china_nw,mri-esm2-0,ssp126,18029.497,18153.057,272.755
china_nw,mri-esm2-0,ssp585,17647.824,17372.225,270.263
china_nw,mri-esm2-0,ssp370,0.0,0.211,0.133
china_nw,mpi-esm1-2-hr,ssp126,17611.216,17701.013,302.783
china_nw,mpi-esm1-2-hr,ssp585,18143.059,18142.002,325.753
china_nw,mpi-esm1-2-hr,ssp370,17701.085,17638.009,301.581
china_nw,ipsl-cm6a-lr,ssp126,16541.622,16361.101,317.613
china_nw,ipsl-cm6a-lr,ssp585,17220.268,17027.073,176.136
china_nw,ipsl-cm6a-lr,ssp370,16934.682,16765.268,151.925
china_nw,ukesm1-0-ll,ssp126,24305.143,24174.21,219.14
china_nw,ukesm1-0-ll,ssp585,17963.436,17996.585,281.716
china_nw,ukesm1-0-ll,ssp370,17764.509,17713.273,372.515
china_nw,gfdl-esm4,ssp585,18020.436,18012.719,326.714
china_nw,gfdl-esm4,ssp370,18417.652,18455.463,438.602
china_ne,mri-esm2-0,ssp126,934.798,928.379,3.913
china_ne,mri-esm2-0,ssp585,1417.404,1410.281,0.0
china_ne,mri-esm2-0,ssp370,876.984,872.082,10.439
china_ne,mpi-esm1-2-hr,ssp126,883.0,881.399,0.0
china_ne,mpi-esm1-2-hr,ssp370,874.858,872.345,13.444
china_ne,ipsl-cm6a-lr,ssp126,884.174,883.141,0.0
china_ne,ipsl-cm6a-lr,ssp585,861.144,857.182,9.505
china_ne,ipsl-cm6a-lr,ssp370,921.232,918.082,7.772
china_ne,ukesm1-0-ll,ssp126,880.614,875.224,12.276
china_ne,ukesm1-0-ll,ssp585,970.673,965.988,8.046
china_ne,ukesm1-0-ll,ssp370,898.446,892.682,2.901
china_ne,gfdl-esm4,ssp126,905.33,903.893,10.601
china_ne,gfdl-esm4,ssp585,881.161,878.959,9.214
china_ne,gfdl-esm4,ssp370,923.184,922.466,9.987
france,mri-esm2-0,ssp126,2040.375,2040.375,179.404
france,mri-esm2-0,ssp585,2259.652,2259.652,128.896
france,mri-esm2-0,ssp370,2334.891,2334.891,126.801
france,mpi-esm1-2-hr,ssp126,2183.023,2183.023,65.695
france,mpi-esm1-2-hr,ssp585,2131.356,2131.356,147.155
france,mpi-esm1-2-hr,ssp370,2229.489,2229.489,211.778
france,ipsl-cm6a-lr,ssp126,2330.804,2330.804,246.111
france,ipsl-cm6a-lr,ssp585,2219.324,2219.324,22.743
france,ipsl-cm6a-lr,ssp370,2284.588,2284.588,196.274
france,ukesm1-0-ll,ssp126,2139.783,2139.783,112.776
france,ukesm1-0-ll,ssp585,2217.448,2217.448,56.605
france,ukesm1-0-ll,ssp370,2212.256,2212.256,233.921
france,gfdl-esm4,ssp126,2309.51,2309.51,138.04
france,gfdl-esm4,ssp585,2248.03,2248.03,147.018
france,gfdl-esm4,ssp370,2312.415,2312.415,159.3
united_kingdom,mri-esm2-0,ssp126,122.616,123.402,6.332
united_kingdom,mri-esm2-0,ssp585,125.263,125.668,6.12
united_kingdom,mri-esm2-0,ssp370,124.584,124.541,6.33
united_kingdom,mpi-esm1-2-hr,ssp126,119.697,121.065,7.148
united_kingdom,mpi-esm1-2-hr,ssp585,124.036,125.031,16.288
united_kingdom,mpi-esm1-2-hr,ssp370,121.873,121.82,7.356
united_kingdom,ipsl-cm6a-lr,ssp126,132.041,131.625,6.325
united_kingdom,ipsl-cm6a-lr,ssp585,124.527,125.546,6.816
united_kingdom,ipsl-cm6a-lr,ssp370,125.491,126.574,5.791
united_kingdom,ukesm1-0-ll,ssp126,119.715,120.413,6.007
united_kingdom,ukesm1-0-ll,ssp585,122.581,124.089,6.813
united_kingdom,ukesm1-0-ll,ssp370,126.295,126.438,6.549
united_kingdom,gfdl-esm4,ssp126,124.752,125.342,7.032
united_kingdom,gfdl-esm4,ssp585,121.624,121.951,6.861
united_kingdom,gfdl-esm4,ssp370,119.482,120.13,6.815
argentina,mri-esm2-0,ssp126,1499.155,1499.089,0.003
argentina,mri-esm2-0,ssp585,1367.633,1367.597,0.0
argentina,mri-esm2-0,ssp370,1471.918,1471.951,0.378
argentina,mpi-esm1-2-hr,ssp585,1253.525,1253.483,0.062
argentina,ipsl-cm6a-lr,ssp126,1492.712,1492.629,0.248
argentina,ipsl-cm6a-lr,ssp585,1634.097,1634.129,0.434
argentina,ipsl-cm6a-lr,ssp370,1424.11,1424.136,0.066
argentina,ukesm1-0-ll,ssp126,1434.126,1434.112,0.0
argentina,ukesm1-0-ll,ssp585,1424.517,1424.592,0.341
argentina,ukesm1-0-ll,ssp370,1440.345,1440.306,0.269
argentina,gfdl-esm4,ssp126,1500.263,1500.322,0.0
argentina,gfdl-esm4,ssp585,1433.798,1433.729,0.305
argentina,gfdl-esm4,ssp370,1437.772,1437.735,0.0
turkey,mri-esm2-0,ssp126,5210.071,5210.071,0.0
turkey,mri-esm2-0,ssp585,5527.803,5527.803,0.0
turkey,mri-esm2-0,ssp370,5172.695,5172.695,0.0
turkey,mpi-esm1-2-hr,ssp126,5107.296,5107.296,0.0
turkey,mpi-esm1-2-hr,ssp585,5145.486,5145.486,0.0
turkey,mpi-esm1-2-hr,ssp370,4987.603,4987.603,0.0
turkey,ipsl-cm6a-lr,ssp126,5304.483,5304.483,0.0
turkey,ipsl-cm6a-lr,ssp585,5392.163,5392.163,0.0
turkey,ipsl-cm6a-lr,ssp370,5197.86,5197.86,0.0
turkey,ukesm1-0-ll,ssp126,5437.011,5437.011,0.0
turkey,ukesm1-0-ll,ssp585,5319.545,5319.545,0.0
turkey,ukesm1-0-ll,ssp370,4996.707,4996.707,0.0
turkey,gfdl-esm4,ssp126,5277.23,5277.23,0.0
turkey,gfdl-esm4,ssp585,4439.789,4439.789,0.0
turkey,gfdl-esm4,ssp370,4637.241,4637.241,0.0
canada_prairies,mri-esm2-0,ssp126,3092.515,3092.515,0.0
canada_prairies,mri-esm2-0,ssp585,3135.902,3135.902,0.0
canada_prairies,mri-esm2-0,ssp370,2984.048,2984.048,0.0
canada_prairies,mpi-esm1-2-hr,ssp126,3206.57,3206.57,0.0
canada_prairies,mpi-esm1-2-hr,ssp585,3410.098,3410.098,0.0
canada_prairies,mpi-esm1-2-hr,ssp370,3349.033,3349.033,0.0
canada_prairies,ipsl-cm6a-lr,ssp126,2954.932,2954.932,0.0
canada_prairies,ipsl-cm6a-lr,ssp585,3245.966,3245.966,0.0
canada_prairies,ipsl-cm6a-lr,ssp370,4092.323,4092.323,0.0
canada_prairies,ukesm1-0-ll,ssp126,3744.391,3744.391,0.0
canada_prairies,ukesm1-0-ll,ssp585,3292.381,3292.381,0.0
canada_prairies,ukesm1-0-ll,ssp370,4200.874,4200.874,0.0
canada_prairies,gfdl-esm4,ssp126,3673.464,3673.464,0.0
canada_prairies,gfdl-esm4,ssp585,3900.805,3900.805,0.0
canada_prairies,gfdl-esm4,ssp370,3270.366,3270.366,0.0
canada_ontario,mri-esm2-0,ssp126,2255.556,2243.356,3.117
canada_ontario,mri-esm2-0,ssp585,1575.68,1569.06,2.682
canada_ontario,mri-esm2-0,ssp370,1542.793,1536.905,2.258
canada_ontario,mpi-esm1-2-hr,ssp126,1557.06,1551.862,3.228
canada_ontario,mpi-esm1-2-hr,ssp585,1543.46,1537.031,1.684
canada_ontario,mpi-esm1-2-hr,ssp370,1669.103,1662.204,2.903
canada_ontario,ipsl-cm6a-lr,ssp126,1544.501,1538.654,3.035
canada_ontario,ipsl-cm6a-lr,ssp585,1561.24,1552.048,2.582
canada_ontario,ipsl-cm6a-lr,ssp370,1548.01,1540.412,2.108
canada_ontario,ukesm1-0-ll,ssp126,1524.199,1518.298,3.228
canada_ontario,ukesm1-0-ll,ssp585,1534.929,1526.089,2.511
canada_ontario,ukesm1-0-ll,ssp370,1521.2,1513.885,3.267
canada_ontario,gfdl-esm4,ssp126,1550.86,1545.007,1.116
canada_ontario,gfdl-esm4,ssp585,1568.343,1558.171,2.875
canada_ontario,gfdl-esm4,ssp370,1569.81,1560.458,1.138
